timestamp,data,timestamps
1700547624.8872118,1
1700547624.9872587,1
1700547625.0875988,1
1700547625.1872773,1
1700547625.2872534,1
1700547625.3875544,1
1700547625.4874613,1
1700547625.5875227,1
1700547625.6873517,1
1700547625.787249,1
1700547625.8876154,1
1700547625.987531,1
1700547626.087171,1
1700547626.1873684,1
1700547626.287161,1
1700547626.387365,1
1700547626.4872177,1
1700547626.5872567,1
1700547626.6873121,1
1700547626.7874622,1
1700547626.887418,1
1700547626.987458,1
1700547627.0877461,1
1700547627.1874673,1
1700547627.287561,1
1700547627.3874226,1
1700547627.4877143,1
1700547627.5874946,1
1700547627.6872249,1
1700547627.7873223,1
1700547627.887261,1
1700547627.9873962,1
1700547628.0873532,1
1700547628.1873105,1
1700547628.287526,1
1700547628.3875167,1
1700547628.487421,1
1700547628.587736,1
1700547628.6873865,1
1700547628.787552,1
1700547628.8877375,1
1700547628.9878008,1
1700547629.0879712,1
1700547629.1874576,1
1700547629.2874439,1
1700547629.3876264,1
1700547629.487491,1
1700547629.5876184,1
1700547629.687495,1
1700547629.7876048,1
1700547629.8874722,1
1700547629.987437,1
1700547630.08749,1
1700547630.1875782,1
1700547630.2876513,1
1700547630.3881905,1
1700547630.487409,1
1700547630.5875895,1
1700547630.6874619,1
1700547630.787421,1
1700547630.8874004,1
1700547630.9875095,1
1700547631.0880625,1
1700547631.1874363,1
1700547631.287818,1
1700547631.38783,1
1700547631.4875753,1
1700547631.5876698,1
1700547631.6877613,1
1700547631.7879615,1
1700547631.8876224,1
1700547631.9875805,1
1700547632.0873992,1
1700547632.1875718,1
1700547632.2874644,1
1700547632.3875139,1
1700547632.487521,1
1700547632.5877757,1
1700547632.6876075,1
1700547632.7876754,1
1700547632.88761,1
1700547632.987683,1
1700547633.0876856,1
1700547633.1877725,1
1700547633.2875457,1
1700547633.3879423,1
1700547633.4874568,1
1700547633.5878804,1
1700547633.68736,1
1700547633.7875524,1
1700547633.8876152,1
1700547633.9876266,1
1700547634.0877233,1
1700547634.1876884,1
1700547634.2876637,1
1700547634.3878334,1
1700547634.4878228,1
1700547634.5879655,1
1700547634.6878276,1
1700547634.7877886,1
1700547634.8876135,1
1700547634.987573,1
1700547635.0875254,1
1700547635.187525,1
1700547635.2877438,1
1700547635.3875816,1
1700547635.4879222,1
1700547635.5877292,1
1700547635.6877036,1
1700547635.787767,1
1700547635.8878453,1
1700547635.987977,1
1700547636.0877974,1
1700547636.1878695,1
1700547636.2878888,1
1700547636.3880243,1
1700547636.487656,1
1700547636.5876644,1
1700547636.687705,1
1700547636.7877593,1
1700547636.8877168,1
1700547636.9878151,1
1700547637.088262,1
1700547637.188148,1
1700547637.2880487,1
1700547637.388103,1
1700547637.4884548,1
1700547637.587805,1
1700547637.687956,1
1700547637.7880466,1
1700547637.8876946,1
1700547637.9878078,1
1700547638.0876975,1
1700547638.1878128,1
1700547638.288035,1
1700547638.387935,1
1700547638.4878693,1
1700547638.5878005,1
1700547638.6880412,1
1700547638.7878737,1
1700547638.888125,1
1700547638.9879992,1
1700547639.0879548,1
1700547639.1880238,1
1700547639.2879746,1
1700547639.3878486,1
1700547639.487799,1
1700547639.587786,1
1700547639.6878505,1
1700547639.7877886,1
1700547639.8879907,1
1700547639.987852,1
1700547640.0879824,1
1700547640.1879969,1
1700547640.2880647,1
1700547640.3886476,1
1700547640.487972,1
1700547640.5881183,1
1700547640.6880655,1
1700547640.7878246,1
1700547640.8883717,1
1700547640.9878585,1
1700547641.0878508,1
1700547641.1880553,1
1700547641.2880738,1
1700547641.3879948,1
1700547641.4884334,1
1700547641.5879655,1
1700547641.6879792,1
1700547641.7880158,1
1700547641.8880408,1
1700547641.9888089,1
1700547642.0880587,1
1700547642.188293,1
1700547642.2878652,1
1700547642.3879116,1
1700547642.4878685,1
1700547642.5879407,1
1700547642.6879578,1
1700547642.7880044,1
1700547642.888577,1
1700547642.9880567,1
1700547643.0882943,1
1700547643.1881251,1
1700547643.288079,1
1700547643.3879845,1
1700547643.4886773,1
1700547643.5882354,1
1700547643.6882837,1
1700547643.788171,1
1700547643.8879876,1
1700547643.9881248,1
1700547644.088037,1
1700547644.1880476,1
1700547644.288874,1
1700547644.3880432,1
1700547644.4882185,1
1700547644.5882213,1
1700547644.6882508,1
1700547644.7882576,1
1700547644.8883538,1
1700547644.9882753,1
1700547645.0881932,1
1700547645.1883872,1
1700547645.2886727,1
1700547645.388093,1
1700547645.4881103,1
1700547645.588144,1
1700547645.688166,1
1700547645.7881577,1
1700547645.8881488,1
1700547645.9882603,1
1700547646.0882933,1
1700547646.188153,1
1700547646.2883787,1
1700547646.3884077,1
1700547646.48831,1
1700547646.5881877,1
1700547646.68819,1
1700547646.7883894,1
1700547646.8881304,1
1700547646.9881232,1
1700547647.0882814,1
1700547647.1882963,1
1700547647.2884605,1
1700547647.388594,1
1700547647.488377,1
1700547647.5884383,1
1700547647.6884763,1
1700547647.7884345,1
1700547647.8883526,1
1700547647.988415,1
1700547648.088679,1
1700547648.188222,1
1700547648.2882118,1
1700547648.388327,1
1700547648.4884923,1
1700547648.588187,1
1700547648.688211,1
1700547648.7882411,1
1700547648.8883379,1
1700547648.9884198,1
1700547649.0882306,1
1700547649.1886163,1
1700547649.2884414,1
1700547649.3884277,1
1700547649.4884014,1
1700547649.5886183,1
1700547649.688467,1
1700547649.788445,1
1700547649.8883166,1
1700547649.9882782,1
1700547650.0883622,1
1700547650.1885946,1
1700547650.2883718,1
1700547650.3884974,1
1700547650.4884994,1
1700547650.588515,1
1700547650.6885939,1
1700547650.7885108,1
1700547650.8884068,1
1700547650.9886796,1
1700547651.0885305,1
1700547651.1883028,1
1700547651.2882771,1
1700547651.3882344,1
1700547651.488284,1
1700547651.5884168,1
1700547651.688296,1
1700547651.7882922,1
1700547651.8886466,1
1700547651.9884782,1
1700547652.0891767,1
1700547652.1886806,1
1700547652.2886662,1
1700547652.3885577,1
1700547652.4885983,1
1700547652.5886831,1
1700547652.6884716,1
1700547652.7887733,1
1700547652.8888466,1
1700547652.9884017,1
1700547653.0885656,1
1700547653.1885304,1
1700547653.288556,1
1700547653.3885653,1
1700547653.4886878,1
1700547653.5885575,1
1700547653.6888769,1
1700547653.7886913,1
1700547653.8889492,1
1700547653.9886713,1
1700547654.0883746,1
1700547654.188346,1
1700547654.2883878,1
1700547654.3884919,1
1700547654.4884155,1
1700547654.5890005,1
1700547654.6884675,1
1700547654.7885647,1
1700547654.8887212,1
1700547654.9886186,1
1700547655.088684,1
1700547655.18869,1
1700547655.2886593,1
1700547655.3888798,1
1700547655.4888685,1
1700547655.5886898,1
1700547655.6886673,1
1700547655.7884936,1
1700547655.8888924,1
1700547655.9886782,1
1700547656.0886579,1
1700547656.1888425,1
1700547656.2887118,1
1700547656.3887222,1
1700547656.4888508,1
1700547656.5893936,1
1700547656.6889617,1
1700547656.7886589,1
1700547656.8889,1
1700547656.988771,1
1700547657.088656,1
1700547657.1887755,1
1700547657.2885525,1
1700547657.3886335,1
1700547657.4886897,1
1700547657.588689,1
1700547657.6886973,1
1700547657.7887876,1
1700547657.8888314,1
1700547657.9887488,1
1700547658.0891666,1
1700547658.1887672,1
1700547658.288816,1
1700547658.388833,1
1700547658.4887128,1
1700547658.5885682,1
1700547658.6888204,1
1700547658.78873,1
1700547658.8888288,1
1700547658.9888196,1
1700547659.0888178,1
1700547659.188943,1
1700547659.289198,1
1700547659.3888152,1
1700547659.488847,1
1700547659.5889893,1
1700547659.68896,1
1700547659.7889433,1
1700547659.8889716,1
1700547659.9887943,1
1700547660.0888708,1
1700547660.1891031,1
1700547660.2886584,1
1700547660.3888195,1
1700547660.4889278,1
1700547660.5887582,1
1700547660.688853,1
1700547660.7888193,1
1700547660.8888497,1
1700547660.9889622,1
1700547661.0889533,1
1700547661.1889942,1
1700547661.288951,1
1700547661.3890145,1
1700547661.4886684,1
1700547661.5887065,1
1700547661.68885,1
1700547661.7889411,1
1700547661.8890233,1
1700547661.9889004,1
1700547662.0888665,1
1700547662.189521,1
1700547662.2892084,1
1700547662.3890078,1
1700547662.489089,1
1700547662.5890872,1
1700547662.689114,1
1700547662.7892108,1
1700547662.889893,1
1700547662.988935,1
1700547663.0889494,1
1700547663.188935,1
1700547663.2889037,1
1700547663.388878,1
1700547663.4889681,1
1700547663.5890324,1
1700547663.689048,1
1700547663.7889693,1
1700547663.889668,1
1700547663.9890826,1
1700547664.08924,1
1700547664.1891131,1
1700547664.2891314,1
1700547664.388897,1
1700547664.4891856,1
1700547664.589501,1
1700547664.6889403,1
1700547664.7890449,1
1700547664.8891342,1
1700547664.989209,1
1700547665.0890472,1
1700547665.1891022,1
1700547665.2890892,1
1700547665.389135,1
1700547665.4897194,1
1700547665.58912,1
1700547665.6893847,1
1700547665.7894773,1
1700547665.8889606,1
1700547665.9890215,1
1700547666.0890534,1
1700547666.1890326,1
1700547666.2892058,1
1700547666.389125,1
1700547666.4890206,1
1700547666.5899627,1
1700547666.6895878,1
1700547666.7893734,1
1700547666.8893757,1
1700547666.98921,1
1700547667.0893023,1
1700547667.189358,1
1700547667.2892416,1
1700547667.3889947,1
1700547667.4892814,1
1700547667.5890303,1
1700547667.6890335,1
1700547667.7891903,1
1700547667.8890274,1
1700547667.9891121,1
1700547668.0892906,1
1700547668.1891522,1
1700547668.2894044,1
1700547668.3893034,1
1700547668.4893754,1
1700547668.5893323,1
1700547668.6894057,1
1700547668.7894216,1
1700547668.8895411,1
1700547668.989248,1
1700547669.0892746,1
1700547669.1892962,1
1700547669.2892828,1
1700547669.3892431,1
1700547669.4895065,1
1700547669.589202,1
1700547669.6893322,1
1700547669.7893186,1
1700547669.8892975,1
1700547669.9893644,1
1700547670.089638,1
1700547670.189429,1
1700547670.28911,1
1700547670.3893163,1
1700547670.4894776,1
1700547670.5894306,1
1700547670.689328,1
1700547670.789371,1
1700547670.8891501,1
1700547670.9893005,1
1700547671.0891964,1
1700547671.189343,1
1700547671.289396,1
1700547671.3894794,1
1700547671.4897034,1
1700547671.5894692,1
1700547671.6895154,1
1700547671.7893298,1
1700547671.8893483,1
1700547671.9893851,1
1700547672.0892677,1
1700547672.189337,1
1700547672.2893126,1
1700547672.3892844,1
1700547672.4893527,1
1700547672.5894694,1
1700547672.689455,1
1700547672.7894323,1
1700547672.8899186,1
1700547672.9895802,1
1700547673.0895722,1
1700547673.189547,1
1700547673.289383,1
1700547673.3898137,1
1700547673.4894974,1
1700547673.5894723,1
1700547673.6894224,1
1700547673.7894402,1
1700547673.8894556,1
1700547673.9895144,1
1700547674.0895665,1
1700547674.1901038,1
1700547674.289512,1
1700547674.3895931,1
1700547674.4896739,1
1700547674.58969,1
1700547674.6896846,1
1700547674.7895565,1
1700547674.8895297,1
1700547674.9896016,1
1700547675.089531,1
1700547675.1896586,1
1700547675.289611,1
1700547675.3895264,1
1700547675.4895103,1
1700547675.5894847,1
1700547675.6895514,1
1700547675.7896647,1
1700547675.8897238,1
1700547675.9896526,1
1700547676.089679,1
1700547676.1894648,1
1700547676.2895482,1
1700547676.389489,1
1700547676.4894807,1
1700547676.5894496,1
1700547676.6896365,1
1700547676.789593,1
1700547676.8895888,1
1700547676.989659,1
1700547677.0897503,1
1700547677.189659,1
1700547677.2897925,1
1700547677.3895788,1
1700547677.4897697,1
1700547677.5897827,1
1700547677.6896014,1
1700547677.789653,1
1700547677.8904052,1
1700547677.9896922,1
1700547678.089886,1
1700547678.189638,1
1700547678.289894,1
1700547678.389652,1
1700547678.489698,1
1700547678.5897045,1
1700547678.6897755,1
1700547678.7897794,1
1700547678.8897448,1
1700547678.989718,1
1700547679.0897663,1
1700547679.1896021,1
1700547679.289585,1
1700547679.3896854,1
1700547679.489777,1
1700547679.5895538,1
1700547679.689744,1
1700547679.7897446,1
1700547679.8897607,1
1700547679.989788,1
1700547680.0899284,1
1700547680.1898618,1
1700547680.2898936,1
1700547680.3898606,1
1700547680.4897919,1
1700547680.5896642,1
1700547680.689929,1
1700547680.789701,1
1700547680.8898864,1
1700547680.9902744,1
1700547681.0898483,1
1700547681.189789,1
1700547681.289893,1
1700547681.3896518,1
1700547681.4898791,1
1700547681.5899787,1
1700547681.6900718,1
1700547681.789835,1
1700547681.8901267,1
1700547681.9902587,1
1700547682.089675,1
1700547682.1899338,1
1700547682.2897022,1
1700547682.3902853,1
1700547682.4900208,1
1700547682.589784,1
1700547682.689839,1
1700547682.7899363,1
1700547682.8898323,1
1700547682.9899333,1
1700547683.089934,1
1700547683.189951,1
1700547683.2899802,1
1700547683.3900669,1
1700547683.4899354,1
1700547683.5901542,1
1700547683.6899161,1
1700547683.7904203,1
1700547683.8901117,1
1700547683.9900017,1
1700547684.089881,1
1700547684.1900153,1
1700547684.2899716,1
1700547684.3900516,1
1700547684.4906056,1
1700547684.5902343,1
1700547684.69006,1
1700547684.7900822,1
1700547684.8900342,1
1700547684.9903011,1
1700547685.0898836,1
1700547685.1898239,1
1700547685.2900653,1
1700547685.3904643,1
1700547685.4899292,1
1700547685.5900583,1
1700547685.690048,1
1700547685.790532,1
1700547685.8899708,1
1700547685.9899426,1
1700547686.0902772,1
1700547686.1900415,1
1700547686.2903674,1
1700547686.3901293,1
1700547686.489907,1
1700547686.5901003,1
1700547686.69002,1
1700547686.7899115,1
1700547686.8900836,1
1700547686.9902442,1
1700547687.0901117,1
1700547687.1901636,1
1700547687.2901714,1
1700547687.3903317,1
1700547687.4901307,1
1700547687.5901976,1
1700547687.690154,1
1700547687.7901852,1
1700547687.890227,1
1700547687.989966,1
1700547688.0900552,1
1700547688.1899395,1
1700547688.2899907,1
1700547688.390033,1
1700547688.4902782,1
1700547688.5902267,1
1700547688.6901863,1
1700547688.7902477,1
1700547688.8902757,1
1700547688.9902189,1
1700547689.090184,1
1700547689.1902313,1
1700547689.29028,1
1700547689.390409,1
1700547689.490146,1
1700547689.5908399,1
1700547689.6903224,1
1700547689.7901635,1
1700547689.8901246,1
1700547689.9902172,1
1700547690.0901268,1
1700547690.1902356,1
1700547690.2902772,1
1700547690.3902423,1
1700547690.490316,1
1700547690.5905042,1
1700547690.6903064,1
1700547690.790583,1
1700547690.8902051,1
1700547690.9902077,1
1700547691.0901592,1
1700547691.19031,1
1700547691.2902646,1
1700547691.3902817,1
1700547691.490321,1
1700547691.590306,1
1700547691.6907394,1
1700547691.7901943,1
1700547691.8904703,1
1700547691.9903967,1
1700547692.0903788,1
1700547692.1903818,1
1700547692.2903526,1
1700547692.3902614,1
1700547692.4901986,1
1700547692.5905917,1
1700547692.6902566,1
1700547692.7901556,1
1700547692.890298,1
1700547692.9904518,1
1700547693.0904255,1
1700547693.1903958,1
1700547693.2904992,1
1700547693.3903875,1
1700547693.4903736,1
1700547693.5904062,1
1700547693.6904395,1
1700547693.7905812,1
1700547693.8902366,1
1700547693.9902608,1
1700547694.0904093,1
1700547694.1903393,1
1700547694.2902925,1
1700547694.3904624,1
1700547694.4903643,1
1700547694.5909317,1
1700547694.6906757,1
1700547694.7906325,1
1700547694.8904731,1
1700547694.9905174,1
1700547695.0905392,1
1700547695.190575,1
1700547695.2906225,1
1700547695.3902843,1
1700547695.4903495,1
1700547695.5905118,1
1700547695.690349,1
1700547695.7905147,1
1700547695.8904192,1
1700547695.9906733,1
1700547696.0904477,1
1700547696.190581,1
1700547696.2905889,1
1700547696.3905816,1
1700547696.4904869,1
1700547696.5905406,1
1700547696.6906235,1
1700547696.7905438,1
1700547696.8907132,1
1700547696.9905531,1
1700547697.0906122,1
1700547697.1905005,1
1700547697.2904422,1
1700547697.3905604,1
1700547697.490485,1
1700547697.590517,1
1700547697.6905172,1
1700547697.790527,1
1700547697.8905816,1
1700547697.9905765,1
1700547698.090652,1
1700547698.19069,1
1700547698.2904952,1
1700547698.3903854,1
1700547698.4905465,1
1700547698.5906792,1
1700547698.6906748,1
1700547698.7906477,1
1700547698.8906133,1
1700547698.9905849,1
1700547699.0908768,1
1700547699.1907187,1
1700547699.2907243,1
1700547699.3907313,1
1700547699.4907048,1
1700547699.5907702,1
1700547699.6907868,1
1700547699.7912745,1
1700547699.890678,1
1700547699.9906204,1
1700547700.0906029,1
1700547700.1906285,1
1700547700.2906227,1
1700547700.3905842,1
1700547700.490681,1
1700547700.5906577,1
1700547700.6907055,1
1700547700.790713,1
1700547700.890764,1
1700547700.9907818,1
1700547701.090742,1
1700547701.1906834,1
1700547701.290797,1
1700547701.390577,1
1700547701.4907007,1
1700547701.5906413,1
1700547701.6909678,1
1700547701.7906537,1
1700547701.8907185,1
1700547701.9907165,1
1700547702.0907338,1
1700547702.1910183,1
1700547702.290787,1
1700547702.3908613,1
1700547702.4908345,1
1700547702.591237,1
1700547702.6908634,1
1700547702.7907336,1
1700547702.8909,1
1700547702.9906843,1
1700547703.0907059,1
1700547703.190797,1
1700547703.29093,1
1700547703.3907554,1
1700547703.490876,1
1700547703.5910044,1
1700547703.690895,1
1700547703.7909544,1
1700547703.8908927,1
1700547703.991064,1
1700547704.0913122,1
1700547704.1909904,1
1700547704.2907863,1
1700547704.3907533,1
1700547704.4908135,1
1700547704.591188,1
1700547704.690934,1
1700547704.7910485,1
1700547704.8907704,1
1700547704.9910207,1
1700547705.090975,1
1700547705.1909325,1
1700547705.2908661,1
1700547705.3909621,1
1700547705.4909885,1
1700547705.5912209,1
1700547705.6907773,1
1700547705.790784,1
1700547705.8909056,1
1700547705.990914,1
1700547706.0911942,1
1700547706.1909113,1
1700547706.2910397,1
1700547706.3910453,1
1700547706.4914804,1
1700547706.591058,1
1700547706.6911273,1
1700547706.79108,1
1700547706.8910394,1
1700547706.9914873,1
1700547707.091747,1
1700547707.190868,1
1700547707.2911315,1
1700547707.3909647,1
1700547707.4909108,1
1700547707.5908635,1
1700547707.6911814,1
1700547707.7909794,1
1700547707.8911018,1
1700547707.991113,1
1700547708.0910666,1
1700547708.191083,1
1700547708.291073,1
1700547708.391169,1
1700547708.4912226,1
1700547708.5911796,1
1700547708.6909523,1
1700547708.7913203,1
1700547708.8909984,1
1700547708.9909036,1
1700547709.091026,1
1700547709.1912246,1
1700547709.2911515,1
1700547709.3911593,1
1700547709.4911988,1
1700547709.5911613,1
1700547709.6911504,1
1700547709.7911487,1
1700547709.891524,1
1700547709.9916255,1
1700547710.0914195,1
1700547710.191014,1
1700547710.2910025,1
1700547710.3913472,1
1700547710.4910553,1
1700547710.5911818,1
1700547710.6913967,1
1700547710.791099,1
1700547710.891272,1
1700547710.9913528,1
1700547711.091417,1
1700547711.1911945,1
1700547711.2912636,1
1700547711.3912635,1
1700547711.491465,1
1700547711.5912292,1
1700547711.6912704,1
1700547711.7913992,1
1700547711.8913562,1
1700547711.9914865,1
1700547712.091456,1
1700547712.1913705,1
1700547712.291891,1
1700547712.3915725,1
1700547712.4912589,1
1700547712.5914211,1
1700547712.6913838,1
1700547712.7915318,1
1700547712.8913488,1
1700547712.991394,1
1700547713.0911906,1
1700547713.191127,1
1700547713.2913005,1
1700547713.3912723,1
1700547713.4917257,1
1700547713.5915823,1
1700547713.6921477,1
1700547713.791277,1
1700547713.8914402,1
1700547713.991497,1
1700547714.0913992,1
1700547714.1913924,1
1700547714.2914193,1
1700547714.3914568,1
1700547714.4915812,1
1700547714.5911682,1
1700547714.6912835,1
1700547714.7919068,1
1700547714.891509,1
1700547714.991162,1
1700547715.091487,1
1700547715.19152,1
1700547715.291385,1
1700547715.3913896,1
1700547715.491476,1
1700547715.5913754,1
1700547715.6913824,1
1700547715.7914712,1
1700547715.8914967,1
1700547715.991373,1
1700547716.0914035,1
1700547716.1913908,1
1700547716.291672,1
1700547716.391333,1
1700547716.491368,1
1700547716.5914395,1
1700547716.6914709,1
1700547716.7915943,1
1700547716.8914828,1
1700547716.9919643,1
1700547717.091497,1
1700547717.1915498,1
1700547717.2916439,1
1700547717.3916976,1
1700547717.4917321,1
1700547717.5916884,1
1700547717.691392,1
1700547717.7915254,1
1700547717.8915467,1
1700547717.9914267,1
1700547718.0914907,1
1700547718.1915307,1
1700547718.2916083,1
1700547718.3915355,1
1700547718.4916382,1
1700547718.5915897,1
1700547718.6921177,1
1700547718.7918317,1
1700547718.8916416,1
1700547718.9914942,1
1700547719.0913846,1
1700547719.1918015,1
1700547719.2914798,1
1700547719.3917162,1
1700547719.491467,1
1700547719.5916145,1
1700547719.691728,1
1700547719.7916603,1
1700547719.8918164,1
1700547719.991824,1
1700547720.091712,1
1700547720.1916673,1
1700547720.2916777,1
1700547720.3918426,1
1700547720.4915829,1
1700547720.5915275,1
1700547720.6915443,1
1700547720.7916586,1
1700547720.891525,1
1700547720.991638,1
1700547721.091506,1
1700547721.191636,1
1700547721.2916925,1
1700547721.3915377,1
1700547721.4917417,1
1700547721.5917163,1
1700547721.6921668,1
1700547721.7917347,1
1700547721.8915172,1
1700547721.9915798,1
1700547722.0915968,1
1700547722.1916943,1
1700547722.2916846,1
1700547722.3918924,1
1700547722.4918842,1
1700547722.591745,1
1700547722.691579,1
1700547722.7918742,1
1700547722.8918042,1
1700547722.991768,1
1700547723.0918179,1
1700547723.191819,1
1700547723.291868,1
1700547723.391762,1
1700547723.4915335,1
1700547723.5918648,1
1700547723.6916525,1
1700547723.7917888,1
1700547723.8920233,1
1700547723.9919147,1
1700547724.0918067,1
1700547724.1917276,1
1700547724.2919097,1
1700547724.3917267,1
1700547724.4920094,1
1700547724.5917435,1
1700547724.6925273,1
1700547724.7921515,1
1700547724.8918426,1
1700547724.9920125,1
1700547725.091883,1
1700547725.1919599,1
1700547725.2918642,1
1700547725.391748,1
1700547725.491872,1
1700547725.5918016,1
1700547725.6921966,1
1700547725.7918363,1
1700547725.8919406,1
1700547725.9919324,1
1700547726.0919647,1
1700547726.1919296,1
1700547726.2919254,1
1700547726.3918993,1
1700547726.4919505,1
1700547726.591824,1
1700547726.691985,1
1700547726.7917836,1
1700547726.8918831,1
1700547726.9919221,1
1700547727.0918913,1
1700547727.1921372,1
1700547727.2919023,1
1700547727.3920257,1
1700547727.4919631,1
1700547727.5924425,1
1700547727.6919658,1
1700547727.7918134,1
1700547727.8918777,1
1700547727.9918284,1
1700547728.0920508,1
1700547728.1920555,1
1700547728.2919023,1
1700547728.3921347,1
1700547728.4922163,1
1700547728.5919118,1
1700547728.6919816,1
1700547728.7921498,1
1700547728.8926797,1
1700547728.9922268,1
1700547729.0921037,1
1700547729.192215,1
1700547729.2918158,1
1700547729.392052,1
1700547729.492207,1
1700547729.5919495,1
1700547729.6919777,1
1700547729.7920067,1
1700547729.892055,1
1700547729.99201,1
1700547730.0920148,1
1700547730.1920185,1
1700547730.292077,1
1700547730.3921528,1
1700547730.4920282,1
1700547730.59267,1
1700547730.6922934,1
1700547730.7919226,1
1700547730.8919275,1
1700547730.9919527,1
1700547731.092005,1
1700547731.1921196,1
1700547731.2921276,1
1700547731.3920639,1
1700547731.4923868,1
1700547731.5924501,1
1700547731.6921277,1
1700547731.7922716,1
1700547731.892095,1
1700547731.9923031,1
1700547732.0922582,1
1700547732.1920266,1
1700547732.2920165,1
1700547732.3921268,1
1700547732.4921541,1
1700547732.59212,1
1700547732.69251,1
1700547732.7922988,1
1700547732.8920925,1
1700547732.9921274,1
1700547733.0928175,1
1700547733.1923146,1
1700547733.292922,1
1700547733.3929863,1
1700547733.4923468,1
1700547733.5924015,1
1700547733.6920679,1
1700547733.7919922,1
1700547733.8923786,1
1700547733.9921117,1
1700547734.092356,1
1700547734.192188,1
1700547734.2922182,1
1700547734.392205,1
1700547734.4922454,1
1700547734.5924146,1
1700547734.6926994,1
1700547734.7925286,1
1700547734.8924928,2
1700547734.9927366,2
1700547735.0924613,2
1700547735.19221,2
1700547735.292257,2
1700547735.3922987,2
1700547735.492278,2
1700547735.5921597,2
1700547735.6924984,2
1700547735.7924986,2
1700547735.8929894,2
1700547735.992341,0
1700547736.0923944,0
1700547736.1923459,0
1700547736.2924721,0
1700547736.3924074,0
1700547736.4924927,0
1700547736.592618,0
1700547736.6922896,0
1700547736.792614,0
1700547736.892385,0
1700547736.9926617,0
1700547737.0922866,0
1700547737.1924677,0
1700547737.2923663,0
1700547737.3922412,0
1700547737.4924815,0
1700547737.5924282,0
1700547737.692651,0
1700547737.7925293,0
1700547737.8924785,0
1700547737.9925785,0
1700547738.0927343,0
1700547738.1924515,0
1700547738.292673,0
1700547738.3927896,0
1700547738.4923687,0
1700547738.5927584,0
1700547738.692621,0
1700547738.7925653,0
1700547738.892454,0
1700547738.9927073,0
1700547739.0925071,0
1700547739.1924655,0
1700547739.292674,0
1700547739.392616,0
1700547739.4926023,0
1700547739.5924094,0
1700547739.6924846,0
1700547739.7923784,0
1700547739.8924532,0
1700547739.9925115,0
1700547740.092708,1
1700547740.1924675,1
1700547740.2926927,1
1700547740.3925202,1
1700547740.492553,1
1700547740.5924275,1
1700547740.6925838,1
1700547740.7925813,1
1700547740.8928425,1
1700547740.9926043,1
1700547741.0923738,1
1700547741.1926122,1
1700547741.2924316,1
1700547741.392517,1
1700547741.4926016,1
1700547741.5926325,1
1700547741.6926005,1
1700547741.7925076,1
1700547741.8925924,1
1700547741.9925523,1
1700547742.092637,1
1700547742.192617,1
1700547742.2927234,1
1700547742.3926778,1
1700547742.4927871,1
1700547742.5928977,1
1700547742.6925626,1
1700547742.7926822,1
1700547742.8926845,1
1700547742.9927576,1
1700547743.0925775,1
1700547743.1926832,1
1700547743.2927115,1
1700547743.3926327,1
1700547743.4925387,1
1700547743.5926614,1
1700547743.6927361,1
1700547743.792791,1
1700547743.8931923,1
1700547743.9925294,1
1700547744.0925562,1
1700547744.193414,1
1700547744.292582,1
1700547744.392744,1
1700547744.4926739,1
1700547744.5927236,1
1700547744.692664,1
1700547744.792745,1
1700547744.892898,1
1700547744.9931197,1
1700547745.0928216,1
1700547745.1926856,1
1700547745.2928808,1
1700547745.3930566,1
1700547745.4926586,1
1700547745.5926802,1
1700547745.692566,1
1700547745.7927418,1
1700547745.8927817,1
1700547745.992621,1
1700547746.0927594,1
1700547746.1928024,1
1700547746.2927587,1
1700547746.3928828,1
1700547746.4932077,1
1700547746.5930607,1
1700547746.692859,1
1700547746.7933497,1
1700547746.8929853,1
1700547746.9926379,1
1700547747.092764,1
1700547747.1927834,1
1700547747.292737,1
1700547747.3927975,1
1700547747.4931269,1
1700547747.5930245,1
1700547747.6929536,1
1700547747.7928267,1
1700547747.8929033,1
1700547747.9927468,1
1700547748.0929759,1
1700547748.193002,1
1700547748.2929623,1
1700547748.3929687,1
1700547748.4927166,1
1700547748.592876,1
1700547748.6929376,1
1700547748.7928112,1
1700547748.8933246,1
1700547748.9928281,1
1700547749.0930274,1
1700547749.1928911,1
1700547749.2929304,1
1700547749.3929899,1
1700547749.4934316,1
1700547749.5929549,1
1700547749.6930082,1
1700547749.7930243,1
1700547749.8928728,1
1700547749.993044,1
1700547750.0928137,1
1700547750.193535,1
1700547750.2928405,1
1700547750.3930922,1
1700547750.4930305,1
1700547750.592998,1
1700547750.6929739,1
1700547750.793031,1
1700547750.8929923,1
1700547750.9939022,1
1700547751.093094,1
1700547751.1931934,1
1700547751.293135,1
1700547751.3930888,1
1700547751.4929314,1
1700547751.5937123,1
1700547751.6930172,1
1700547751.7930346,1
1700547751.8931537,1
1700547751.992983,1
1700547752.0934074,1
1700547752.1930704,1
1700547752.293073,1
1700547752.3930824,1
1700547752.4935212,1
1700547752.5933347,1
1700547752.6932175,1
1700547752.7932768,1
1700547752.8930216,1
1700547752.9930046,1
1700547753.0933285,1
1700547753.1931646,1
1700547753.2930408,1
1700547753.3935099,1
1700547753.4937706,1
1700547753.5932598,1
1700547753.6931393,1
1700547753.7930794,1
1700547753.8939278,1
1700547753.9932895,1
1700547754.0934412,1
1700547754.1932223,1
1700547754.293195,1
1700547754.3933172,1
1700547754.493265,1
1700547754.5938427,1
1700547754.6931093,1
1700547754.7930057,1
1700547754.8931117,1
1700547754.993157,1
1700547755.093661,1
1700547755.1931808,1
1700547755.293279,1
1700547755.3933685,1
1700547755.493257,1
1700547755.5932012,1
1700547755.693335,1
1700547755.7933712,1
1700547755.8933008,1
1700547755.993096,1
1700547756.0932317,1
1700547756.193125,1
1700547756.2932298,1
1700547756.3932235,1
1700547756.4932659,1
1700547756.593277,1
1700547756.6936014,1
1700547756.7934537,1
1700547756.8934536,1
1700547756.9933562,1
1700547757.0932534,1
1700547757.193722,1
1700547757.2932284,1
1700547757.3933234,1
1700547757.4933336,1
1700547757.5933948,1
1700547757.6935205,1
1700547757.7932158,1
1700547757.8936048,1
1700547757.9933305,1
1700547758.0933855,1
1700547758.193379,1
1700547758.2936358,1
1700547758.393976,1
1700547758.4934435,1
1700547758.5934901,1
1700547758.6935155,1
1700547758.7931547,1
1700547758.893284,1
1700547758.9932852,1
1700547759.0932875,1
1700547759.1935694,1
1700547759.2932963,1
1700547759.3935375,1
1700547759.4933279,1
1700547759.593377,1
1700547759.693449,1
1700547759.7934055,1
1700547759.8934562,1
1700547759.9934351,1
1700547760.0936518,1
1700547760.1935005,1
1700547760.293434,1
1700547760.3933077,1
1700547760.4932992,1
1700547760.5933695,1
1700547760.6934702,1
1700547760.7940228,1
1700547760.8935716,1
1700547760.9934092,1
1700547761.0935907,1
1700547761.1935668,1
1700547761.2933705,1
1700547761.393442,1
1700547761.4935794,1
1700547761.593447,1
1700547761.6933653,1
1700547761.7932785,1
1700547761.893363,1
1700547761.9932837,1
1700547762.0934505,1
1700547762.1936874,1
1700547762.2938943,1
1700547762.3935194,1
1700547762.4935613,1
1700547762.593647,1
1700547762.6936324,1
1700547762.7935877,1
1700547762.8935633,1
1700547762.993768,1
1700547763.0936375,1
1700547763.1934984,1
1700547763.2934384,1
1700547763.3937225,1
1700547763.493547,1
1700547763.5935197,1
1700547763.6935935,1
1700547763.793605,1
1700547763.8938837,1
1700547763.9939184,1
1700547764.093704,1
1700547764.193861,1
1700547764.2937138,1
1700547764.393748,1
1700547764.4939234,1
1700547764.5939274,1
1700547764.6936195,1
1700547764.793459,1
1700547764.8936512,1
1700547764.9935868,1
1700547765.0937424,1
1700547765.193938,1
1700547765.293635,1
1700547765.3935852,1
1700547765.4938667,1
1700547765.5944629,1
1700547765.6940389,1
1700547765.7938492,1
1700547765.8937035,1
1700547765.994524,1
1700547766.0937638,1
1700547766.1934912,1
1700547766.293516,1
1700547766.3935874,1
1700547766.493636,1
1700547766.5942202,1
1700547766.6937456,1
1700547766.7938044,1
1700547766.8941574,1
1700547766.9941816,1
1700547767.0937467,1
1700547767.1943486,1
1700547767.2938392,1
1700547767.394026,1
1700547767.4939032,1
1700547767.5936956,1
1700547767.6936138,1
1700547767.793706,1
1700547767.8940637,1
1700547767.9936063,1
1700547768.0937276,1
1700547768.1937675,1
1700547768.2937949,1
1700547768.3940096,1
1700547768.4939106,1
1700547768.5938134,1
1700547768.6938589,1
1700547768.7939594,1
1700547768.8939428,1
1700547768.994061,1
1700547769.0938275,1
1700547769.1936982,1
1700547769.2940245,1
1700547769.393766,1
1700547769.4939997,1
1700547769.5941641,1
1700547769.6940122,1
1700547769.7945077,1
1700547769.8940158,1
1700547769.9938977,1
1700547770.0939755,1
1700547770.1940184,1
1700547770.2939525,1
1700547770.3939734,1
1700547770.4941041,1
1700547770.5942802,1
1700547770.6937969,1
1700547770.7939851,1
1700547770.8941238,1
1700547770.993924,1
1700547771.094004,1
1700547771.1939573,1
1700547771.2941408,1
1700547771.3939176,1
1700547771.4943798,1
1700547771.5943003,1
1700547771.6940954,1
1700547771.7940102,1
1700547771.894061,1
1700547771.9940426,1
1700547772.0939772,1
1700547772.193966,1
1700547772.2939281,1
1700547772.393872,1
1700547772.4940345,1
1700547772.5940354,1
1700547772.6940691,1
1700547772.7939637,1
1700547772.8939884,1
1700547772.994062,1
1700547773.0941312,1
1700547773.1941252,1
1700547773.2943103,1
1700547773.3941674,1
1700547773.4937246,1
1700547773.5940418,1
1700547773.693892,1
1700547773.793928,1
1700547773.8942165,1
1700547773.9940007,1
1700547774.0939894,1
1700547774.1946874,1
1700547774.2941806,1
1700547774.39408,1
1700547774.49411,1
1700547774.5940623,1
1700547774.6941202,1
1700547774.7942336,1
1700547774.8943028,1
1700547774.993924,1
1700547775.0943027,1
1700547775.1941686,1
1700547775.2945879,1
1700547775.3945465,1
1700547775.494092,1
1700547775.594115,1
1700547775.694213,1
1700547775.794072,1
1700547775.8942933,1
1700547775.9941359,1
1700547776.094241,1
1700547776.1942654,1
1700547776.2942324,1
1700547776.394301,1
1700547776.4940438,1
1700547776.5941455,1
1700547776.6942782,1
1700547776.794217,1
1700547776.8942618,1
1700547776.9941902,1
1700547777.0943434,1
1700547777.1941998,1
1700547777.2942312,1
1700547777.3944633,1
1700547777.4942744,1
1700547777.5943556,1
1700547777.694499,1
1700547777.7944055,1
1700547777.8943672,1
1700547777.9940708,1
1700547778.0940735,1
1700547778.1941376,1
1700547778.294296,1
1700547778.3942218,1
1700547778.4943662,1
1700547778.5943592,1
1700547778.6944911,1
1700547778.7945046,1
1700547778.894335,1
1700547778.994615,1
1700547779.094521,1
1700547779.1944501,1
1700547779.2943106,1
1700547779.3941896,1
1700547779.4941773,1
1700547779.5943136,1
1700547779.6942422,1
1700547779.7942574,1
1700547779.8943298,1
1700547779.9945421,1
1700547780.0943372,1
1700547780.1943848,1
1700547780.2947881,1
1700547780.3943546,1
1700547780.494466,1
1700547780.5944388,1
1700547780.6946824,1
1700547780.7944882,1
1700547780.8943727,1
1700547780.994388,1
1700547781.094314,1
1700547781.1944447,1
1700547781.2943351,1
1700547781.3946328,1
1700547781.494457,1
1700547781.5944517,1
1700547781.6943972,1
1700547781.7945204,1
1700547781.8944526,1
1700547781.9949105,1
1700547782.09456,1
1700547782.1946044,1
1700547782.2944975,1
1700547782.394355,1
1700547782.494216,1
1700547782.5943618,1
1700547782.6944954,1
1700547782.7944708,1
1700547782.8946815,1
1700547782.994369,1
1700547783.0946145,1
1700547783.1946092,1
1700547783.295367,1
1700547783.3951707,1
1700547783.4949222,1
1700547783.5948427,1
1700547783.6947024,1
1700547783.794592,1
1700547783.8950472,1
1700547783.9943492,1
1700547784.0945969,1
1700547784.1946557,1
1700547784.2945411,1
1700547784.3945127,1
1700547784.4945118,1
1700547784.5945258,1
1700547784.6947448,1
1700547784.7946336,1
1700547784.8945556,1
1700547784.9946404,1
1700547785.0948012,1
1700547785.1946535,1
1700547785.2948587,1
1700547785.394453,1
1700547785.4943888,1
1700547785.5946558,1
1700547785.6945653,1
1700547785.794701,1
1700547785.8945582,1
1700547785.994587,1
1700547786.094677,1
1700547786.1946795,1
1700547786.2950602,1
1700547786.39463,1
1700547786.4945753,1
1700547786.5948896,1
1700547786.6948605,1
1700547786.7946227,1
1700547786.894606,1
1700547786.9946494,1
1700547787.0946093,1
1700547787.1947775,1
1700547787.2950258,1
1700547787.3945885,1
1700547787.4947143,1
1700547787.59464,1
1700547787.6945834,1
1700547787.794927,1
1700547787.894936,1
1700547787.9948368,1
1700547788.0948749,1
1700547788.1947799,1
1700547788.2946033,1
1700547788.3944542,1
1700547788.4945009,1
1700547788.5946715,1
1700547788.6946743,1
1700547788.7946784,1
1700547788.89479,1
1700547788.995108,1
1700547789.0946393,1
1700547789.1947737,1
1700547789.2948895,1
1700547789.3947773,1
1700547789.4948277,1
1700547789.5947464,1
1700547789.6950202,1
1700547789.7948153,1
1700547789.8947506,1
1700547789.9946697,1
1700547790.0947518,1
1700547790.1949396,1
1700547790.2946808,1
1700547790.3951237,1
1700547790.4947758,1
1700547790.5948935,1
1700547790.694962,1
1700547790.7948234,1
1700547790.894932,1
1700547790.9948783,1
1700547791.09489,1
1700547791.1947687,1
1700547791.2947557,1
1700547791.394892,1
1700547791.4948053,1
1700547791.5948057,1
1700547791.6949263,1
1700547791.7948663,1
1700547791.894886,1
1700547791.9948547,1
1700547792.0949063,1
1700547792.1948798,1
1700547792.2951505,1
1700547792.3949683,1
1700547792.4950075,1
1700547792.5950367,1
1700547792.6947749,1
1700547792.7947862,1
1700547792.8952835,1
1700547792.9949594,1
1700547793.094787,1
1700547793.1950185,1
1700547793.2948766,1
1700547793.3950663,1
1700547793.4949486,1
1700547793.5950606,1
1700547793.6950502,1
1700547793.7949753,1
1700547793.8949883,1
1700547793.9950483,1
1700547794.0951326,1
1700547794.194833,1
1700547794.2948713,1
1700547794.3948865,1
1700547794.4948428,1
1700547794.5949304,1
1700547794.6949852,1
1700547794.7951562,1
1700547794.8950486,1
1700547794.994968,1
1700547795.095041,1
1700547795.1952534,1
1700547795.2950964,1
1700547795.3951144,1
1700547795.4951882,1
1700547795.5953658,1
1700547795.695433,1
1700547795.7951863,1
1700547795.8950536,1
1700547795.9949687,1
1700547796.0950303,1
1700547796.1951995,1
1700547796.295268,1
1700547796.395008,1
1700547796.4950995,1
1700547796.5951185,1
1700547796.6952217,1
1700547796.7952323,1
1700547796.8951623,1
1700547796.9952934,1
1700547797.0950382,1
1700547797.1950543,1
1700547797.295057,1
1700547797.395144,1
1700547797.4951346,1
1700547797.5951276,1
1700547797.695089,1
1700547797.795085,1
1700547797.8952236,1
1700547797.9951816,1
1700547798.095161,1
1700547798.1952677,1
1700547798.2951944,1
1700547798.3953612,1
1700547798.495282,1
1700547798.5951707,1
1700547798.6953733,1
1700547798.7951336,1
1700547798.8952124,1
1700547798.9953034,1
1700547799.095146,1
1700547799.1952453,1
1700547799.2958148,1
1700547799.3952425,1
1700547799.4952753,1
1700547799.5952914,1
1700547799.6953847,1
1700547799.7952774,1
1700547799.8953695,1
1700547799.9953046,1
1700547800.0952525,1
1700547800.1951818,1
1700547800.2952979,1
1700547800.3954194,1
1700547800.4956758,1
1700547800.5952573,1
1700547800.6955357,1
1700547800.7953153,1
1700547800.8953466,1
1700547800.99533,1
1700547801.095397,1
1700547801.1955225,1
1700547801.2953196,1
1700547801.3953278,1
1700547801.495322,1
1700547801.5951688,1
1700547801.6952343,1
1700547801.7953353,1
1700547801.8954744,1
1700547801.9956148,1
1700547802.0955567,1
1700547802.195444,1
1700547802.295301,1
1700547802.3957074,1
1700547802.4953337,1
1700547802.5954206,1
1700547802.6955726,1
1700547802.7954843,1
1700547802.8956518,1
1700547802.9952948,1
1700547803.0953093,1
1700547803.195414,1
1700547803.2953765,1
1700547803.3957372,1
1700547803.4955626,1
1700547803.5954902,1
1700547803.6953776,1
1700547803.7955534,1
1700547803.8960893,1
1700547803.995497,1
1700547804.0953944,1
1700547804.1954298,1
1700547804.2957063,1
1700547804.395417,1
1700547804.4955919,1
1700547804.595413,1
1700547804.6956708,1
1700547804.795427,1
1700547804.8953602,1
1700547804.995424,1
1700547805.0954933,1
1700547805.1959355,1
1700547805.2955759,1
1700547805.3962784,1
1700547805.496154,1
1700547805.5956252,1
1700547805.69579,1
1700547805.7956283,1
1700547805.8956273,1
1700547805.9953766,1
1700547806.0954704,1
1700547806.1955397,1
1700547806.2954633,1
1700547806.3956287,1
1700547806.4954944,1
1700547806.5958836,1
1700547806.6959524,1
1700547806.7956462,1
1700547806.8955867,1
1700547806.9956312,1
1700547807.095706,1
1700547807.1956112,1
1700547807.2960637,1
1700547807.3958085,1
1700547807.4955237,1
1700547807.595568,1
1700547807.69566,1
1700547807.7955909,1
1700547807.8955622,1
1700547807.9955974,1
1700547808.0957828,1
1700547808.1957636,1
1700547808.2957323,1
1700547808.3955574,1
1700547808.495755,1
1700547808.5956953,1
1700547808.6962867,1
1700547808.7958019,1
1700547808.8956487,1
1700547808.9956093,1
1700547809.0956516,1
1700547809.1957347,1
1700547809.2956386,1
1700547809.3959124,1
1700547809.495595,1
1700547809.5957549,1
1700547809.695775,1
1700547809.7957048,1
1700547809.8959198,1
1700547809.9956317,1
1700547810.0958292,1
1700547810.1959631,1
1700547810.2958767,1
1700547810.3961096,1
1700547810.4961965,1
1700547810.5956614,1
1700547810.695675,1
1700547810.795706,1
1700547810.895727,1
1700547810.9958856,1
1700547811.0957558,1
1700547811.1958015,1
1700547811.2957857,1
1700547811.396205,1
1700547811.4962046,1
1700547811.5959694,1
1700547811.6959252,1
1700547811.795781,1
1700547811.896018,1
1700547811.9957173,1
1700547812.0956986,1
1700547812.1957426,1
1700547812.2956138,1
1700547812.3958423,1
1700547812.4957569,1
1700547812.5957346,1
1700547812.695879,1
1700547812.7958808,1
1700547812.8959463,1
1700547812.9958782,1
1700547813.0961182,1
1700547813.1959774,1
1700547813.2959988,1
1700547813.3957393,1
1700547813.4957128,1
1700547813.595773,1
1700547813.6958795,1
1700547813.7958322,1
1700547813.895868,1
1700547813.996503,1
1700547814.0958242,1
1700547814.1959226,1
1700547814.2958696,1
1700547814.3959322,1
1700547814.4960182,1
1700547814.5963206,1
1700547814.6961355,1
1700547814.7957234,1
1700547814.8960543,1
1700547814.9960365,1
1700547815.0959015,1
1700547815.1958783,1
1700547815.2959669,1
1700547815.3959677,1
1700547815.496114,1
1700547815.5960898,1
1700547815.6959734,1
1700547815.7958708,1
1700547815.8960958,1
1700547815.9959862,1
1700547816.0963311,1
1700547816.1961844,1
1700547816.2959096,1
1700547816.3958397,1
1700547816.4959583,1
1700547816.5959234,1
1700547816.696084,1
1700547816.7961388,1
1700547816.8963368,1
1700547816.9960186,1
1700547817.0961037,1
1700547817.1962523,1
1700547817.2960382,1
1700547817.396205,1
1700547817.4962556,1
1700547817.596143,1
1700547817.6961806,1
1700547817.795974,1
1700547817.8959167,1
1700547817.9959621,1
1700547818.09616,1
1700547818.1960473,1
1700547818.296215,1
1700547818.3961833,1
1700547818.4963346,1
1700547818.5962627,1
1700547818.6961753,1
1700547818.7962205,1
1700547818.896118,1
1700547818.9968855,1
1700547819.0963378,1
1700547819.196295,1
1700547819.2959719,1
1700547819.3960793,1
1700547819.4961016,1
1700547819.5962021,1
1700547819.696211,1
1700547819.7960935,1
1700547819.8961537,1
1700547819.996184,1
1700547820.0962558,1
1700547820.1961627,1
1700547820.2963269,1
1700547820.3964021,1
1700547820.4964616,1
1700547820.5964446,1
1700547820.696169,1
1700547820.796164,1
1700547820.8961866,1
1700547820.9963987,1
1700547821.0962448,1
1700547821.1962607,1
1700547821.2963197,1
1700547821.3962371,1
1700547821.4963899,1
1700547821.596418,1
1700547821.696853,1
1700547821.7964568,1
1700547821.8964713,1
1700547821.9961915,1
1700547822.0962722,1
1700547822.1962078,1
1700547822.2962744,1
1700547822.396134,1
1700547822.4962592,1
1700547822.5964508,1
1700547822.6963875,1
1700547822.796381,1
1700547822.8963492,1
1700547822.9966645,1
1700547823.0964844,1
1700547823.1962907,1
1700547823.2964313,1
1700547823.3964396,1
1700547823.4964879,1
1700547823.5964541,1
1700547823.696319,1
1700547823.7962763,1
1700547823.8963926,1
1700547823.9964457,1
1700547824.0964081,1
1700547824.1964064,1
1700547824.2963269,1
1700547824.3963814,1
1700547824.4965405,1
1700547824.5963624,1
1700547824.6965733,1
1700547824.7965336,1
1700547824.89653,1
1700547824.9963427,1
1700547825.0964773,1
1700547825.197013,1
1700547825.2964303,1
1700547825.3962712,1
1700547825.496308,1
1700547825.5963557,1
1700547825.6971111,1
1700547825.796493,1
1700547825.8973353,1
1700547825.9964302,1
1700547826.09649,1
1700547826.196368,1
1700547826.2965524,1
1700547826.3965516,1
1700547826.4965308,1
1700547826.5964975,1
1700547826.6964371,1
1700547826.7963293,1
1700547826.8963783,1
1700547826.9963899,1
1700547827.0965314,1
1700547827.1964285,1
1700547827.2964876,1
1700547827.3966644,1
1700547827.4965527,1
1700547827.5965583,1
1700547827.696567,1
1700547827.7966342,1
1700547827.896514,1
1700547827.996711,1
1700547828.0964527,1
1700547828.1964962,1
1700547828.2965186,1
1700547828.3966365,1
1700547828.4964216,1
1700547828.596481,1
1700547828.6966488,1
1700547828.796652,1
1700547828.8965912,1
1700547828.996684,1
1700547829.0967937,1
1700547829.1965904,1
1700547829.2966614,1
1700547829.3968287,1
1700547829.496873,1
1700547829.596606,1
1700547829.6965964,1
1700547829.7963912,1
1700547829.896602,1
1700547829.9965913,1
1700547830.0966392,1
1700547830.196662,1
1700547830.2966301,1
1700547830.3965342,1
1700547830.496736,1
1700547830.5967026,1
1700547830.6966984,1
1700547830.7967567,1
1700547830.8969042,1
1700547830.9968517,1
1700547831.096678,1
1700547831.196608,1
1700547831.296582,1
1700547831.3966632,1
1700547831.4966652,1
1700547831.596683,1
1700547831.696773,1
1700547831.796802,1
1700547831.8967679,1
1700547831.99671,1
1700547832.0970173,1
1700547832.1967447,1
1700547832.2968209,1
1700547832.396821,1
1700547832.4965813,1
1700547832.5966568,1
1700547832.6971452,1
1700547832.7966475,1
1700547832.8967469,1
1700547832.9966714,1
1700547833.0966556,1
1700547833.1967733,1
1700547833.2967067,1
1700547833.3972423,1
1700547833.4972453,1
1700547833.596857,1
1700547833.6969154,1
1700547833.796837,1
1700547833.8968594,1
1700547833.996721,1
1700547834.0966907,1
1700547834.1968946,1
1700547834.2967846,1
1700547834.3967583,1
1700547834.4968216,1
1700547834.5966666,1
1700547834.6968029,1
1700547834.7969952,1
1700547834.896986,1
1700547834.9969313,1
1700547835.0968766,1
1700547835.196996,1
1700547835.2970347,1
1700547835.3970451,1
1700547835.4967706,1
1700547835.5968063,1
1700547835.6968071,1
1700547835.796835,1
1700547835.89726,1
1700547835.9970222,1
1700547836.0973103,1
1700547836.1969428,1
1700547836.2971337,1
1700547836.397045,1
1700547836.4971213,1
1700547836.596983,1
1700547836.6971996,1
1700547836.7970214,1
1700547836.8972733,1
1700547836.9969003,1
1700547837.0968018,1
1700547837.1968703,1
1700547837.296847,1
1700547837.396849,1
1700547837.496917,1
1700547837.5969732,1
1700547837.6968863,1
1700547837.7971175,1
1700547837.896987,1
1700547837.9970522,1
1700547838.0971525,1
1700547838.1971226,1
1700547838.2971306,1
1700547838.3971286,1
1700547838.496911,1
1700547838.5968115,1
1700547838.6971784,1
1700547838.7970264,1
1700547838.897029,1
1700547838.9971979,1
1700547839.0970154,1
1700547839.1973593,1
1700547839.2971947,1
1700547839.3971546,1
1700547839.4971273,1
1700547839.5976877,1
1700547839.6972106,1
1700547839.797215,1
1700547839.89765,1
1700547839.9969032,1
1700547840.0971403,1
1700547840.1970625,1
1700547840.2972562,1
1700547840.397044,1
1700547840.4971433,1
1700547840.5977733,1
1700547840.6971416,1
1700547840.7971816,1
1700547840.8972697,1
1700547840.9972227,1
1700547841.0970948,1
1700547841.1972458,1
1700547841.2974563,1
1700547841.3970468,1
1700547841.4970863,1
1700547841.597131,1
1700547841.697193,1
1700547841.797234,1
1700547841.897148,1
1700547841.997155,1
1700547842.0972035,1
1700547842.1972487,1
1700547842.2973757,1
1700547842.3974266,1
1700547842.4973683,1
1700547842.5972736,1
1700547842.6973946,1
1700547842.7975388,1
1700547842.8974667,1
1700547842.9970188,1
1700547843.0972767,1
1700547843.197318,1
1700547843.297234,1
1700547843.3973377,1
1700547843.4972453,1
1700547843.597603,1
1700547843.6974757,1
1700547843.7972753,1
1700547843.897278,1
1700547843.99745,1
1700547844.09729,1
1700547844.19759,1
1700547844.2971077,1
1700547844.397167,1
1700547844.4971156,1
1700547844.5973182,1
1700547844.6973197,1
1700547844.7976398,1
1700547844.897231,1
1700547844.9972723,1
1700547845.0973122,1
1700547845.1974466,1
1700547845.2974238,1
1700547845.3975055,1
1700547845.4974256,1
1700547845.597374,1
1700547845.697525,1
1700547845.7971911,1
1700547845.8972318,1
1700547845.997286,1
1700547846.0972974,1
1700547846.1974013,1
1700547846.2974102,1
1700547846.397422,1
1700547846.4974043,1
1700547846.597428,1
1700547846.697505,1
1700547846.7977502,1
1700547846.8977847,1
1700547846.9974306,1
1700547847.0975401,1
1700547847.1974888,1
1700547847.2973711,1
1700547847.3977518,1
1700547847.49734,1
1700547847.5976813,1
1700547847.6974216,1
1700547847.7975318,1
1700547847.897728,1
1700547847.9975092,1
1700547848.0975554,1
1700547848.197415,1
1700547848.2975304,1
1700547848.39757,1
1700547848.4976141,1
1700547848.5975869,1
1700547848.6976616,1
1700547848.797424,1
1700547848.8973541,1
1700547848.9973958,1
1700547849.0974963,1
1700547849.1976006,1
1700547849.2974744,1
1700547849.3974998,1
1700547849.4975824,1
1700547849.5976331,1
1700547849.6976573,1
1700547849.7976732,1
1700547849.897782,1
1700547849.9978397,1
1700547850.0977747,1
1700547850.1974723,1
1700547850.29751,1
1700547850.397807,1
1700547850.4974992,1
1700547850.5975842,1
1700547850.6974678,1
1700547850.7975066,1
1700547850.8975918,1
1700547850.997636,1
1700547851.0980272,1
1700547851.1978624,1
1700547851.2976606,1
1700547851.3978393,1
1700547851.4977329,1
1700547851.5976968,1
1700547851.697498,1
1700547851.7980232,1
1700547851.897899,1
1700547851.9975324,1
1700547852.0975966,1
1700547852.1975524,1
1700547852.2976632,1
1700547852.397595,1
1700547852.497482,1
1700547852.598004,1
1700547852.697853,1
1700547852.7979274,1
1700547852.8979242,1
1700547852.9978192,1
1700547853.097822,1
1700547853.1976593,1
1700547853.2975621,1
1700547853.3976173,1
1700547853.4977343,1
1700547853.597725,1
1700547853.6977143,1
1700547853.7979314,1
1700547853.8982809,1
1700547853.9977903,1
1700547854.0980392,1
1700547854.1977527,1
1700547854.2978354,1
1700547854.397949,1
1700547854.4978569,1
1700547854.5979898,1
1700547854.6977513,1
1700547854.7978306,1
1700547854.8975496,1
1700547854.9977558,1
1700547855.0981379,1
1700547855.1978703,1
1700547855.2979798,1
1700547855.3978405,1
1700547855.497935,1
1700547855.5980394,1
1700547855.6979444,1
1700547855.7979188,1
1700547855.897881,1
1700547855.9979844,1
1700547856.0977106,1
1700547856.1981392,1
1700547856.2977514,1
1700547856.3982933,1
1700547856.4978154,1
1700547856.5978994,1
1700547856.6979427,1
1700547856.797849,1
1700547856.898078,1
1700547856.9978848,1
1700547857.0980341,1
1700547857.198153,1
1700547857.2979832,1
1700547857.397929,1
1700547857.4980044,1
1700547857.5981097,1
1700547857.697752,1
1700547857.7979155,1
1700547857.8978817,1
1700547857.9979708,1
1700547858.097883,1
1700547858.1978874,1
1700547858.2978997,1
1700547858.3979216,1
1700547858.4980698,1
1700547858.5979779,1
1700547858.697967,1
1700547858.79798,1
1700547858.89805,1
1700547858.998439,1
1700547859.0977304,1
1700547859.1978192,1
1700547859.2978816,1
1700547859.3983152,1
1700547859.4978626,1
1700547859.5979965,1
1700547859.6979778,1
1700547859.7979894,1
1700547859.8980546,1
1700547859.998097,1
1700547860.0980182,1
1700547860.198222,1
1700547860.2981777,1
1700547860.3982904,1
1700547860.4982033,1
1700547860.5979576,1
1700547860.6979403,1
1700547860.7984295,1
1700547860.897975,1
1700547860.9980583,1
1700547861.0979745,1
1700547861.1980913,1
1700547861.2980375,1
1700547861.398136,1
1700547861.4982839,1
1700547861.5986502,1
1700547861.6981819,1
1700547861.7981148,1
1700547861.898159,1
1700547861.9985492,1
1700547862.098223,1
1700547862.1980448,1
1700547862.298069,1
1700547862.3981016,1
1700547862.498183,1
1700547862.598108,1
1700547862.698353,1
1700547862.798123,1
1700547862.898168,1
1700547862.998343,1
1700547863.0982428,1
1700547863.1982677,1
1700547863.2982352,1
1700547863.3983603,1
1700547863.4981482,1
1700547863.5980992,1
1700547863.6980762,1
1700547863.7979767,1
1700547863.898108,1
1700547863.9981227,1
1700547864.098151,1
1700547864.198212,1
1700547864.2987213,1
1700547864.398284,1
1700547864.4982495,1
1700547864.5983188,1
1700547864.698345,1
1700547864.7985153,1
1700547864.8983529,1
1700547864.998063,1
1700547865.0981297,1
1700547865.1982138,1
1700547865.29834,1
1700547865.3981664,1
1700547865.4983678,1
1700547865.5983222,1
1700547865.6982298,1
1700547865.798445,1
1700547865.8983405,1
1700547865.9984882,1
1700547866.0984466,1
1700547866.1983776,1
1700547866.2986228,1
1700547866.3985512,1
1700547866.498269,1
1700547866.5983372,1
1700547866.6984153,1
1700547866.79827,1
1700547866.898465,1
1700547866.9983451,1
1700547867.0984433,1
1700547867.1983805,1
1700547867.2985635,1
1700547867.3983588,1
1700547867.4984539,1
1700547867.5986378,1
1700547867.6984627,1
1700547867.7984843,1
1700547867.8985815,1
1700547867.9982753,1
1700547868.0982661,1
1700547868.1983058,1
1700547868.298393,1
1700547868.398365,1
1700547868.4984605,1
1700547868.598535,1
1700547868.6984801,1
1700547868.7984488,1
1700547868.8984408,1
1700547868.998404,1
1700547869.0985086,1
1700547869.1985226,1
1700547869.2985692,1
1700547869.398279,1
1700547869.4982996,1
1700547869.5983772,1
1700547869.698209,1
1700547869.7984056,1
1700547869.8987134,1
1700547869.998417,1
1700547870.098408,1
1700547870.198674,1
1700547870.2983518,1
1700547870.3986695,1
1700547870.498693,1
1700547870.5986063,1
1700547870.6985745,1
1700547870.7987874,1
1700547870.898493,1
1700547870.998498,1
1700547871.0988133,1
1700547871.1984286,1
1700547871.298537,1
1700547871.399119,1
1700547871.4985976,1
1700547871.598396,1
1700547871.6987658,1
1700547871.7986226,1
1700547871.8985965,1
1700547871.9987187,1
1700547872.0987308,1
1700547872.1987896,1
1700547872.2987158,1
1700547872.3985555,1
1700547872.4985936,1
1700547872.5985763,1
1700547872.6985683,1
1700547872.7990525,1
1700547872.8988204,1
1700547872.9986696,1
1700547873.0985754,1
1700547873.1988049,1
1700547873.298587,1
1700547873.398784,1
1700547873.4990091,1
1700547873.5991461,1
1700547873.6989946,1
1700547873.7985098,1
1700547873.8985066,1
1700547873.998588,1
1700547874.0987823,1
1700547874.1985893,1
1700547874.2992227,1
1700547874.3986266,1
1700547874.498624,1
1700547874.5986462,1
1700547874.6988394,1
1700547874.7986662,1
1700547874.8987553,1
1700547874.9987748,1
1700547875.0989916,1
1700547875.1990848,1
1700547875.2987027,1
1700547875.3986607,1
1700547875.4989974,1
1700547875.5987196,1
1700547875.6985607,1
1700547875.7988012,1
1700547875.8987708,1
1700547875.999084,1
1700547876.099038,1
1700547876.1992033,1
1700547876.2988105,1
1700547876.3991392,1
1700547876.4994504,1
1700547876.5993452,1
1700547876.6992092,1
1700547876.7987676,1
1700547876.8995738,1
1700547876.9987292,1
1700547877.098854,1
1700547877.1988006,1
1700547877.298815,1
1700547877.3989782,1
1700547877.4989154,1
1700547877.598947,1
1700547877.6988864,1
1700547877.7990568,1
1700547877.898879,1
1700547877.9988093,1
1700547878.098879,1
1700547878.1989474,1
1700547878.2987404,1
1700547878.3987887,1
1700547878.4987543,1
1700547878.598873,1
1700547878.69881,1
1700547878.7988307,1
1700547878.8988638,1
1700547878.9987583,1
1700547879.0988448,1
1700547879.1991034,1
1700547879.2990644,1
1700547879.3990855,1
1700547879.4990177,1
1700547879.5990386,1
1700547879.6993475,1
1700547879.7988667,1
1700547879.8988101,1
1700547879.998904,1
1700547880.0988781,1
1700547880.1989486,1
1700547880.298951,1
1700547880.3989143,1
1700547880.499295,1
1700547880.5992181,1
1700547880.6989434,1
1700547880.799096,1
1700547880.8990972,1
1700547880.9991357,1
1700547881.0991695,1
1700547881.198884,1
1700547881.2987838,1
1700547881.3989706,1
1700547881.4989767,1
1700547881.5989547,1
1700547881.6989818,1
1700547881.7990391,1
1700547881.8993068,1
1700547881.9989111,1
1700547882.0990694,1
1700547882.1991374,1
1700547882.2993293,1
1700547882.399276,1
1700547882.4991846,1
1700547882.599124,1
1700547882.6989048,1
1700547882.7988372,1
1700547882.8993862,1
1700547882.9990208,1
1700547883.098891,1
1700547883.1991348,1
1700547883.2990396,1
1700547883.3990645,1
1700547883.4991093,1
1700547883.5998306,1
1700547883.699122,1
1700547883.7993445,1
1700547883.899228,1
1700547883.9996884,1
1700547884.0993161,1
1700547884.199594,1
1700547884.2991621,1
1700547884.3989875,1
1700547884.4991708,1
1700547884.5990577,1
1700547884.699184,1
1700547884.79935,1
1700547884.8992167,1
1700547884.9992428,1
1700547885.0992048,1
1700547885.1992908,1
1700547885.2992966,1
1700547885.3992114,1
1700547885.499748,1
1700547885.5990098,1
1700547885.6990333,1
1700547885.7990274,1
1700547885.8992348,1
1700547885.999249,1
1700547886.09898,1
1700547886.1991098,1
1700547886.2993712,1
1700547886.3994794,1
1700547886.4992657,1
1700547886.5996938,1
1700547886.699324,1
1700547886.7993279,1
1700547886.8993928,1
1700547886.9994614,1
1700547887.0990198,1
1700547887.1991234,1
1700547887.2992144,1
1700547887.3992252,1
1700547887.4992511,1
1700547887.599341,1
1700547887.6993873,1
1700547887.7992387,1
1700547887.8993337,1
1700547887.9993758,1
1700547888.0992854,1
1700547888.199409,1
1700547888.299535,1
1700547888.399606,1
1700547888.4997046,1
1700547888.5992312,1
1700547888.699149,1
1700547888.7991846,1
1700547888.899373,1
1700547888.9992874,1
1700547889.0993867,1
1700547889.1992326,1
1700547889.2992938,1
1700547889.3993864,1
1700547889.4997697,1
1700547889.5995202,1
1700547889.6995437,1
1700547889.7995334,1
