timestamp,s,d,x/2,y/2,z/2
2023-10-04 21:51:24,15.5,3.978629367892963,3.6185054779052734,1.884139060974121,0.7505486011505127
2023-10-04 21:51:25,14.0,3.978629367892963,3.6185054779052734,1.884139060974121,0.7505486011505127
2023-10-04 21:51:25,18.5,3.739203836749418,2.4829492568969727,1.7675474882125854,0.7344644665718079
2023-10-04 21:51:25,18.5,3.739203836749418,2.4829492568969727,1.7675474882125854,0.7344644665718079
2023-10-04 21:51:25,18.5,3.739203836749418,2.4829492568969727,1.7675474882125854,0.7344644665718079
2023-10-04 21:51:25,18.5,3.739203836749418,2.4829492568969727,1.7675474882125854,0.7344644665718079
2023-10-04 21:51:25,18.5,3.739203836749418,2.4829492568969727,1.7675474882125854,0.7344644665718079
2023-10-04 21:51:25,18.5,3.739203836749418,2.4829492568969727,1.7675474882125854,0.7344644665718079
2023-10-04 21:51:25,18.5,3.739203836749418,2.4829492568969727,1.7675474882125854,0.7344644665718079
2023-10-04 21:51:25,18.5,3.739203836749418,2.4829492568969727,1.7675474882125854,0.7344644665718079
2023-10-04 21:51:25,18.5,3.739203836749418,2.4829492568969727,1.7675474882125854,0.7344644665718079
2023-10-04 21:51:26,18.5,3.739203836749418,2.4829492568969727,1.7675474882125854,0.7344644665718079
2023-10-04 21:51:26,18.0,3.739203836749418,2.4829492568969727,1.7675474882125854,0.7344644665718079
2023-10-04 21:51:26,16.5,3.739203836749418,2.4829492568969727,1.7675474882125854,0.7344644665718079
2023-10-04 21:51:26,20.5,2.9166914543550817,2.0253753662109375,1.0146145820617676,0.7273638248443604
2023-10-04 21:51:26,19.5,2.9166914543550817,2.0253753662109375,1.0146145820617676,0.7273638248443604
2023-10-04 21:51:26,23.5,2.614764572714994,2.2050580978393555,0.9817377924919128,0.7451269030570984
2023-10-04 21:51:26,22.0,2.614764572714994,2.2050580978393555,0.9817377924919128,0.7451269030570984
2023-10-04 21:51:26,21.5,2.614764572714994,2.2050580978393555,0.9817377924919128,0.7451269030570984
2023-10-04 21:51:26,21.5,2.614764572714994,2.2050580978393555,0.9817377924919128,0.7451269030570984
2023-10-04 21:51:26,21.5,2.614764572714994,2.2050580978393555,0.9817377924919128,0.7451269030570984
2023-10-04 21:51:27,21.5,2.614764572714994,2.2050580978393555,0.9817377924919128,0.7451269030570984
2023-10-04 21:51:27,21.5,2.614764572714994,2.2050580978393555,0.9817377924919128,0.7451269030570984
2023-10-04 21:51:27,21.5,2.614764572714994,2.2050580978393555,0.9817377924919128,0.7451269030570984
2023-10-04 21:51:27,21.5,2.614764572714994,2.2050580978393555,0.9817377924919128,0.7451269030570984
2023-10-04 21:51:27,21.5,2.614764572714994,2.2050580978393555,0.9817377924919128,0.7451269030570984
2023-10-04 21:51:27,21.5,2.614764572714994,2.2050580978393555,0.9817377924919128,0.7451269030570984
2023-10-04 21:51:27,21.5,2.614764572714994,2.2050580978393555,0.9817377924919128,0.7451269030570984
2023-10-04 21:51:27,21.5,2.614764572714994,2.2050580978393555,0.9817377924919128,0.7451269030570984
2023-10-04 21:51:27,21.5,2.614764572714994,2.2050580978393555,0.9817377924919128,0.7451269030570984
2023-10-04 21:51:27,21.5,2.614764572714994,2.2050580978393555,0.9817377924919128,0.7451269030570984
2023-10-04 21:51:28,21.5,2.614764572714994,2.2050580978393555,0.9817377924919128,0.7451269030570984
2023-10-04 21:51:28,21.5,2.614764572714994,2.2050580978393555,0.9817377924919128,0.7451269030570984
2023-10-04 21:51:28,21.5,2.614764572714994,2.2050580978393555,0.9817377924919128,0.7451269030570984
2023-10-04 21:51:28,21.5,2.614764572714994,2.2050580978393555,0.9817377924919128,0.7451269030570984
2023-10-04 21:51:28,21.5,2.614764572714994,2.2050580978393555,0.9817377924919128,0.7451269030570984
2023-10-04 21:51:28,21.5,2.614764572714994,2.2050580978393555,0.9817377924919128,0.7451269030570984
2023-10-04 21:51:28,21.5,2.614764572714994,2.2050580978393555,0.9817377924919128,0.7451269030570984
2023-10-04 21:51:28,21.5,2.614764572714994,2.2050580978393555,0.9817377924919128,0.7451269030570984
2023-10-04 21:51:28,21.5,2.614764572714994,2.2050580978393555,0.9817377924919128,0.7451269030570984
2023-10-04 21:51:28,21.5,2.614764572714994,2.2050580978393555,0.9817377924919128,0.7451269030570984
2023-10-04 21:51:29,21.5,2.614764572714994,2.2050580978393555,0.9817377924919128,0.7451269030570984
2023-10-04 21:51:29,21.5,2.614764572714994,2.2050580978393555,0.9817377924919128,0.7451269030570984
2023-10-04 21:51:29,21.5,2.614764572714994,2.2050580978393555,0.9817377924919128,0.7451269030570984
2023-10-04 21:51:29,21.5,2.614764572714994,2.2050580978393555,0.9817377924919128,0.7451269030570984
2023-10-04 21:51:29,21.5,2.614764572714994,2.2050580978393555,0.9817377924919128,0.7451269030570984
2023-10-04 21:51:29,21.5,2.614764572714994,2.2050580978393555,0.9817377924919128,0.7451269030570984
2023-10-04 21:51:29,21.5,2.614764572714994,2.2050580978393555,0.9817377924919128,0.7451269030570984
2023-10-04 21:51:29,21.5,2.614764572714994,2.2050580978393555,0.9817377924919128,0.7451269030570984
2023-10-04 21:51:29,21.5,2.614764572714994,2.2050580978393555,0.9817377924919128,0.7451269030570984
2023-10-04 21:51:29,21.5,2.614764572714994,2.2050580978393555,0.9817377924919128,0.7451269030570984
2023-10-04 21:51:30,21.5,2.614764572714994,2.2050580978393555,0.9817377924919128,0.7451269030570984
2023-10-04 21:51:30,21.5,2.614764572714994,2.2050580978393555,0.9817377924919128,0.7451269030570984
2023-10-04 21:51:30,21.5,2.614764572714994,2.2050580978393555,0.9817377924919128,0.7451269030570984
2023-10-04 21:51:30,21.5,2.614764572714994,2.2050580978393555,0.9817377924919128,0.7451269030570984
2023-10-04 21:51:30,21.5,2.614764572714994,2.2050580978393555,0.9817377924919128,0.7451269030570984
2023-10-04 21:51:30,21.5,2.614764572714994,2.2050580978393555,0.9817377924919128,0.7451269030570984
2023-10-04 21:51:30,21.5,2.614764572714994,2.2050580978393555,0.9817377924919128,0.7451269030570984
2023-10-04 21:51:30,21.5,2.614764572714994,2.2050580978393555,0.9817377924919128,0.7451269030570984
2023-10-04 21:51:30,21.5,2.614764572714994,2.2050580978393555,0.9817377924919128,0.7451269030570984
2023-10-04 21:51:30,21.5,2.614764572714994,2.2050580978393555,0.9817377924919128,0.7451269030570984
2023-10-04 21:51:31,21.5,2.614764572714994,2.2050580978393555,0.9817377924919128,0.7451269030570984
2023-10-04 21:51:31,21.5,2.614764572714994,2.2050580978393555,0.9817377924919128,0.7451269030570984
2023-10-04 21:51:31,21.5,2.614764572714994,2.2050580978393555,0.9817377924919128,0.7451269030570984
2023-10-04 21:51:31,21.5,2.614764572714994,2.2050580978393555,0.9817377924919128,0.7451269030570984
2023-10-04 21:51:31,21.5,2.614764572714994,2.2050580978393555,0.9817377924919128,0.7451269030570984
2023-10-04 21:51:31,21.5,2.614764572714994,2.2050580978393555,0.9817377924919128,0.7451269030570984
2023-10-04 21:51:31,21.5,2.614764572714994,2.2050580978393555,0.9817377924919128,0.7451269030570984
2023-10-04 21:51:31,21.5,2.614764572714994,2.2050580978393555,0.9817377924919128,0.7451269030570984
2023-10-04 21:51:31,21.5,2.614764572714994,2.2050580978393555,0.9817377924919128,0.7451269030570984
2023-10-04 21:51:31,21.5,2.614764572714994,2.2050580978393555,0.9817377924919128,0.7451269030570984
2023-10-04 21:51:32,21.5,2.614764572714994,2.2050580978393555,0.9817377924919128,0.7451269030570984
2023-10-04 21:51:32,21.5,2.614764572714994,2.2050580978393555,0.9817377924919128,0.7451269030570984
2023-10-04 21:51:32,21.5,2.614764572714994,2.2050580978393555,0.9817377924919128,0.7451269030570984
2023-10-04 21:51:32,21.5,2.614764572714994,2.2050580978393555,0.9817377924919128,0.7451269030570984
2023-10-04 21:51:32,21.5,2.614764572714994,2.2050580978393555,0.9817377924919128,0.7451269030570984
2023-10-04 21:51:32,21.5,2.614764572714994,2.2050580978393555,0.9817377924919128,0.7451269030570984
2023-10-04 21:51:32,21.5,2.614764572714994,2.2050580978393555,0.9817377924919128,0.7451269030570984
2023-10-04 21:51:32,21.5,2.614764572714994,2.2050580978393555,0.9817377924919128,0.7451269030570984
2023-10-04 21:51:32,21.5,2.614764572714994,2.2050580978393555,0.9817377924919128,0.7451269030570984
2023-10-04 21:51:32,21.5,2.614764572714994,2.2050580978393555,0.9817377924919128,0.7451269030570984
2023-10-04 21:51:33,21.5,2.614764572714994,2.2050580978393555,0.9817377924919128,0.7451269030570984
2023-10-04 21:51:33,21.5,2.614764572714994,2.2050580978393555,0.9817377924919128,0.7451269030570984
2023-10-04 21:51:33,21.5,2.614764572714994,2.2050580978393555,0.9817377924919128,0.7451269030570984
2023-10-04 21:51:33,21.5,2.614764572714994,2.2050580978393555,0.9817377924919128,0.7451269030570984
2023-10-04 21:51:33,21.5,2.614764572714994,2.2050580978393555,0.9817377924919128,0.7451269030570984
2023-10-04 21:51:33,21.5,2.614764572714994,2.2050580978393555,0.9817377924919128,0.7451269030570984
2023-10-04 21:51:33,21.5,2.614764572714994,2.2050580978393555,0.9817377924919128,0.7451269030570984
2023-10-04 21:51:33,21.5,2.614764572714994,2.2050580978393555,0.9817377924919128,0.7451269030570984
2023-10-04 21:51:33,21.5,2.614764572714994,2.2050580978393555,0.9817377924919128,0.7451269030570984
2023-10-04 21:51:33,21.5,2.614764572714994,2.2050580978393555,0.9817377924919128,0.7451269030570984
2023-10-04 21:51:34,21.5,2.614764572714994,2.2050580978393555,0.9817377924919128,0.7451269030570984
2023-10-04 21:51:34,21.5,2.614764572714994,2.2050580978393555,0.9817377924919128,0.7451269030570984
2023-10-04 21:51:34,21.5,2.614764572714994,2.2050580978393555,0.9817377924919128,0.7451269030570984
2023-10-04 21:51:34,21.5,2.614764572714994,2.2050580978393555,0.9817377924919128,0.7451269030570984
2023-10-04 21:51:34,21.5,2.614764572714994,2.2050580978393555,0.9817377924919128,0.7451269030570984
2023-10-04 21:51:34,21.5,2.614764572714994,2.2050580978393555,0.9817377924919128,0.7451269030570984
2023-10-04 21:51:34,21.5,2.614764572714994,2.2050580978393555,0.9817377924919128,0.7451269030570984
2023-10-04 21:51:34,21.5,2.614764572714994,2.2050580978393555,0.9817377924919128,0.7451269030570984
2023-10-04 21:51:34,21.5,2.614764572714994,2.2050580978393555,0.9817377924919128,0.7451269030570984
2023-10-04 21:51:34,21.5,2.614764572714994,2.2050580978393555,0.9817377924919128,0.7451269030570984
2023-10-04 21:51:35,21.5,2.614764572714994,2.2050580978393555,0.9817377924919128,0.7451269030570984
2023-10-04 21:51:35,21.5,2.614764572714994,2.2050580978393555,0.9817377924919128,0.7451269030570984
2023-10-04 21:51:35,21.5,2.614764572714994,2.2050580978393555,0.9817377924919128,0.7451269030570984
2023-10-04 21:51:35,21.5,2.614764572714994,2.2050580978393555,0.9817377924919128,0.7451269030570984
2023-10-04 21:51:35,21.5,2.614764572714994,2.2050580978393555,0.9817377924919128,0.7451269030570984
2023-10-04 21:51:35,21.5,2.614764572714994,2.2050580978393555,0.9817377924919128,0.7451269030570984
2023-10-04 21:51:35,21.5,2.614764572714994,2.2050580978393555,0.9817377924919128,0.7451269030570984
2023-10-04 21:51:35,21.5,2.614764572714994,2.2050580978393555,0.9817377924919128,0.7451269030570984
2023-10-04 21:51:35,21.5,2.614764572714994,2.2050580978393555,0.9817377924919128,0.7451269030570984
2023-10-04 21:51:35,21.5,2.614764572714994,2.2050580978393555,0.9817377924919128,0.7451269030570984
2023-10-04 21:51:36,21.5,2.614764572714994,2.2050580978393555,0.9817377924919128,0.7451269030570984
2023-10-04 21:51:36,21.5,2.614764572714994,2.2050580978393555,0.9817377924919128,0.7451269030570984
2023-10-04 21:51:36,21.5,2.614764572714994,2.2050580978393555,0.9817377924919128,0.7451269030570984
2023-10-04 21:51:36,21.5,2.614764572714994,2.2050580978393555,0.9817377924919128,0.7451269030570984
2023-10-04 21:51:36,21.5,2.614764572714994,2.2050580978393555,0.9817377924919128,0.7451269030570984
2023-10-04 21:51:36,21.5,2.614764572714994,2.2050580978393555,0.9817377924919128,0.7451269030570984
2023-10-04 21:51:36,21.5,2.614764572714994,2.2050580978393555,0.9817377924919128,0.7451269030570984
2023-10-04 21:51:36,21.5,2.614764572714994,2.2050580978393555,0.9817377924919128,0.7451269030570984
2023-10-04 21:51:36,21.5,2.614764572714994,2.2050580978393555,0.9817377924919128,0.7451269030570984
2023-10-04 21:51:36,21.5,2.614764572714994,2.2050580978393555,0.9817377924919128,0.7451269030570984
2023-10-04 21:51:37,21.5,2.614764572714994,2.2050580978393555,0.9817377924919128,0.7451269030570984
2023-10-04 21:51:37,21.5,2.614764572714994,2.2050580978393555,0.9817377924919128,0.7451269030570984
2023-10-04 21:51:37,21.5,2.614764572714994,2.2050580978393555,0.9817377924919128,0.7451269030570984
2023-10-04 21:51:37,21.5,2.614764572714994,2.2050580978393555,0.9817377924919128,0.7451269030570984
2023-10-04 21:51:37,21.5,2.614764572714994,2.2050580978393555,0.9817377924919128,0.7451269030570984
2023-10-04 21:51:37,21.5,2.614764572714994,2.2050580978393555,0.9817377924919128,0.7451269030570984
2023-10-04 21:51:37,21.5,2.614764572714994,2.2050580978393555,0.9817377924919128,0.7451269030570984
2023-10-04 21:51:37,21.5,2.614764572714994,2.2050580978393555,0.9817377924919128,0.7451269030570984
2023-10-04 21:51:37,21.5,2.614764572714994,2.2050580978393555,0.9817377924919128,0.7451269030570984
2023-10-04 21:51:37,21.5,2.614764572714994,2.2050580978393555,0.9817377924919128,0.7451269030570984
2023-10-04 21:51:38,21.5,2.614764572714994,2.2050580978393555,0.9817377924919128,0.7451269030570984
2023-10-04 21:51:38,21.5,2.614764572714994,2.2050580978393555,0.9817377924919128,0.7451269030570984
2023-10-04 21:51:38,21.5,2.614764572714994,2.2050580978393555,0.9817377924919128,0.7451269030570984
2023-10-04 21:51:38,21.5,2.614764572714994,2.2050580978393555,0.9817377924919128,0.7451269030570984
2023-10-04 21:51:38,21.5,2.614764572714994,2.2050580978393555,0.9817377924919128,0.7451269030570984
2023-10-04 21:51:38,21.5,2.614764572714994,2.2050580978393555,0.9817377924919128,0.7451269030570984
2023-10-04 21:51:38,21.5,2.614764572714994,2.2050580978393555,0.9817377924919128,0.7451269030570984
2023-10-04 21:51:38,21.5,2.614764572714994,2.2050580978393555,0.9817377924919128,0.7451269030570984
2023-10-04 21:51:38,21.5,2.614764572714994,2.2050580978393555,0.9817377924919128,0.7451269030570984
2023-10-04 21:51:38,21.5,2.614764572714994,2.2050580978393555,0.9817377924919128,0.7451269030570984
2023-10-04 21:51:39,21.5,2.614764572714994,2.2050580978393555,0.9817377924919128,0.7451269030570984
2023-10-04 21:51:39,21.5,2.614764572714994,2.2050580978393555,0.9817377924919128,0.7451269030570984
2023-10-04 21:51:39,21.5,2.614764572714994,2.2050580978393555,0.9817377924919128,0.7451269030570984
2023-10-04 21:51:39,21.5,2.614764572714994,2.2050580978393555,0.9817377924919128,0.7451269030570984
2023-10-04 21:51:39,21.5,2.614764572714994,2.2050580978393555,0.9817377924919128,0.7451269030570984
2023-10-04 21:51:39,21.5,2.614764572714994,2.2050580978393555,0.9817377924919128,0.7451269030570984
2023-10-04 21:51:39,21.5,2.614764572714994,2.2050580978393555,0.9817377924919128,0.7451269030570984
2023-10-04 21:51:39,21.5,2.614764572714994,2.2050580978393555,0.9817377924919128,0.7451269030570984
2023-10-04 21:51:39,21.5,2.614764572714994,2.2050580978393555,0.9817377924919128,0.7451269030570984
2023-10-04 21:51:39,21.5,2.614764572714994,2.2050580978393555,0.9817377924919128,0.7451269030570984
2023-10-04 21:51:40,21.5,2.614764572714994,2.2050580978393555,0.9817377924919128,0.7451269030570984
2023-10-04 21:51:49,-49.0,3.3434225170447993,0.44051551818847656,0.8855894804000854,0.41693639755249023
2023-10-04 21:51:49,-48.0,3.2835235687470785,0.8325138092041016,0.9311648607254028,0.4090132713317871
2023-10-04 21:51:50,-46.0,3.3435883321943183,0.8355636596679688,0.9587011337280273,0.39682453870773315
2023-10-04 21:51:50,-46.0,3.235485692599291,0.8916835784912109,0.9758392572402954,0.4522131681442261
2023-10-04 21:51:50,-47.0,3.235485692599291,0.8916835784912109,0.9758392572402954,0.4522131681442261
2023-10-04 21:51:50,-47.0,3.235485692599291,0.8916835784912109,0.9758392572402954,0.4522131681442261
2023-10-04 21:51:50,-47.0,3.235485692599291,0.8916835784912109,0.9758392572402954,0.4522131681442261
2023-10-04 21:51:50,-47.0,3.235485692599291,0.8916835784912109,0.9758392572402954,0.4522131681442261
2023-10-04 21:51:50,-47.0,3.235485692599291,0.8916835784912109,0.9758392572402954,0.4522131681442261
2023-10-04 21:51:50,-47.0,3.235485692599291,0.8916835784912109,0.9758392572402954,0.4522131681442261
2023-10-04 21:51:50,-44.0,3.2643618440168005,0.8735713958740234,0.9959853887557983,0.4376395344734192
2023-10-04 21:51:50,-44.0,3.327845228503755,0.5377559661865234,0.858200192451477,0.4268803000450134
2023-10-04 21:51:51,-45.0,3.327845228503755,0.5377559661865234,0.858200192451477,0.4268803000450134
2023-10-04 21:51:51,-42.0,3.397900147161338,0.5751800537109375,0.9168796539306641,0.41293179988861084
2023-10-04 21:51:51,-39.5,3.3760938598881247,0.5314235687255859,0.8984318971633911,0.4062685966491699
2023-10-04 21:51:51,-41.0,3.3760938598881247,0.5314235687255859,0.8984318971633911,0.4062685966491699
2023-10-04 21:51:51,-39.0,3.339539787584721,0.7421741485595703,0.9205349683761597,0.3952200412750244
2023-10-04 21:51:51,-39.0,3.339539787584721,0.7421741485595703,0.9205349683761597,0.3952200412750244
2023-10-04 21:51:51,-39.0,3.339539787584721,0.7421741485595703,0.9205349683761597,0.3952200412750244
2023-10-04 21:51:51,-39.0,3.339539787584721,0.7421741485595703,0.9205349683761597,0.3952200412750244
2023-10-04 21:51:51,-39.0,3.339539787584721,0.7421741485595703,0.9205349683761597,0.3952200412750244
2023-10-04 21:51:51,-39.0,3.339539787584721,0.7421741485595703,0.9205349683761597,0.3952200412750244
2023-10-04 21:51:52,-39.0,3.339539787584721,0.7421741485595703,0.9205349683761597,0.3952200412750244
2023-10-04 21:51:52,-39.0,3.339539787584721,0.7421741485595703,0.9205349683761597,0.3952200412750244
2023-10-04 21:51:52,-39.0,3.339539787584721,0.7421741485595703,0.9205349683761597,0.3952200412750244
2023-10-04 21:51:52,-39.0,3.339539787584721,0.7421741485595703,0.9205349683761597,0.3952200412750244
2023-10-04 21:51:52,-39.0,3.339539787584721,0.7421741485595703,0.9205349683761597,0.3952200412750244
2023-10-04 21:51:52,-39.0,3.339539787584721,0.7421741485595703,0.9205349683761597,0.3952200412750244
2023-10-04 21:51:52,-39.0,3.339539787584721,0.7421741485595703,0.9205349683761597,0.3952200412750244
2023-10-04 21:51:52,-39.0,3.339539787584721,0.7421741485595703,0.9205349683761597,0.3952200412750244
2023-10-04 21:51:52,-39.0,3.339539787584721,0.7421741485595703,0.9205349683761597,0.3952200412750244
2023-10-04 21:51:52,-39.0,3.339539787584721,0.7421741485595703,0.9205349683761597,0.3952200412750244
2023-10-04 21:51:53,-39.0,3.339539787584721,0.7421741485595703,0.9205349683761597,0.3952200412750244
2023-10-04 21:51:53,-39.0,3.339539787584721,0.7421741485595703,0.9205349683761597,0.3952200412750244
2023-10-04 21:51:53,-39.0,3.339539787584721,0.7421741485595703,0.9205349683761597,0.3952200412750244
2023-10-04 21:51:53,-39.0,3.339539787584721,0.7421741485595703,0.9205349683761597,0.3952200412750244
2023-10-04 21:51:53,-39.0,3.339539787584721,0.7421741485595703,0.9205349683761597,0.3952200412750244
2023-10-04 21:51:53,-39.0,3.339539787584721,0.7421741485595703,0.9205349683761597,0.3952200412750244
2023-10-04 21:51:53,-39.0,3.339539787584721,0.7421741485595703,0.9205349683761597,0.3952200412750244
2023-10-04 21:51:53,-39.0,3.339539787584721,0.7421741485595703,0.9205349683761597,0.3952200412750244
2023-10-04 21:51:53,-39.0,3.339539787584721,0.7421741485595703,0.9205349683761597,0.3952200412750244
2023-10-04 21:51:53,-39.0,3.339539787584721,0.7421741485595703,0.9205349683761597,0.3952200412750244
2023-10-04 21:51:54,-39.0,3.339539787584721,0.7421741485595703,0.9205349683761597,0.3952200412750244
2023-10-04 21:51:54,-39.0,3.339539787584721,0.7421741485595703,0.9205349683761597,0.3952200412750244
2023-10-04 21:51:54,-39.0,3.339539787584721,0.7421741485595703,0.9205349683761597,0.3952200412750244
2023-10-04 21:51:54,-39.0,3.339539787584721,0.7421741485595703,0.9205349683761597,0.3952200412750244
2023-10-04 21:51:54,-39.0,3.339539787584721,0.7421741485595703,0.9205349683761597,0.3952200412750244
2023-10-04 21:51:54,-39.0,3.339539787584721,0.7421741485595703,0.9205349683761597,0.3952200412750244
2023-10-04 21:51:54,-39.0,3.339539787584721,0.7421741485595703,0.9205349683761597,0.3952200412750244
2023-10-04 21:51:54,-39.0,3.339539787584721,0.7421741485595703,0.9205349683761597,0.3952200412750244
2023-10-04 21:51:54,-39.0,3.339539787584721,0.7421741485595703,0.9205349683761597,0.3952200412750244
2023-10-04 21:51:54,-39.0,3.339539787584721,0.7421741485595703,0.9205349683761597,0.3952200412750244
2023-10-04 21:51:55,-39.0,3.339539787584721,0.7421741485595703,0.9205349683761597,0.3952200412750244
2023-10-04 21:51:55,-39.0,3.339539787584721,0.7421741485595703,0.9205349683761597,0.3952200412750244
2023-10-04 21:51:55,-39.0,3.339539787584721,0.7421741485595703,0.9205349683761597,0.3952200412750244
2023-10-04 21:51:55,-39.0,3.339539787584721,0.7421741485595703,0.9205349683761597,0.3952200412750244
2023-10-04 21:51:55,-39.0,3.339539787584721,0.7421741485595703,0.9205349683761597,0.3952200412750244
2023-10-04 21:51:55,-39.0,3.339539787584721,0.7421741485595703,0.9205349683761597,0.3952200412750244
2023-10-04 21:51:55,-39.0,3.339539787584721,0.7421741485595703,0.9205349683761597,0.3952200412750244
2023-10-04 21:51:55,-39.0,3.339539787584721,0.7421741485595703,0.9205349683761597,0.3952200412750244
2023-10-04 21:51:55,-40.0,3.3381500139497087,1.3707313537597656,0.9808856844902039,0.5945541858673096
2023-10-04 21:51:55,-38.5,3.359029596065748,1.3402061462402344,0.9740699529647827,0.6457474231719971
2023-10-04 21:51:56,-37.5,3.318183180517117,1.2952766418457031,0.9645854234695435,0.6032768487930298
2023-10-04 21:51:56,-37.5,3.318183180517117,1.2952766418457031,0.9645854234695435,0.6032768487930298
2023-10-04 21:51:56,-37.5,3.318183180517117,1.2952766418457031,0.9645854234695435,0.6032768487930298
2023-10-04 21:51:56,-37.5,3.318183180517117,1.2952766418457031,0.9645854234695435,0.6032768487930298
2023-10-04 21:51:56,-37.5,3.318183180517117,1.2952766418457031,0.9645854234695435,0.6032768487930298
2023-10-04 21:51:56,-37.5,3.318183180517117,1.2952766418457031,0.9645854234695435,0.6032768487930298
2023-10-04 21:51:56,-37.5,3.318183180517117,1.2952766418457031,0.9645854234695435,0.6032768487930298
2023-10-04 21:51:56,-37.5,3.318183180517117,1.2952766418457031,0.9645854234695435,0.6032768487930298
2023-10-04 21:51:56,-37.5,3.318183180517117,1.2952766418457031,0.9645854234695435,0.6032768487930298
2023-10-04 21:51:56,-37.5,3.399080095088956,1.445669174194336,0.9743824005126953,0.6427671909332275
2023-10-04 21:51:57,-35.5,3.3453338011212677,1.2721614837646484,0.9827330708503723,0.6302564144134521
2023-10-04 21:51:57,-34.0,3.3958589719981247,1.4109058380126953,0.9826847314834595,0.6067994832992554
2023-10-04 21:51:57,-34.0,3.3958589719981247,1.4109058380126953,0.9826847314834595,0.6067994832992554
2023-10-04 21:51:57,-34.0,3.3958589719981247,1.4109058380126953,0.9826847314834595,0.6067994832992554
2023-10-04 21:51:57,-34.0,3.3958589719981247,1.4109058380126953,0.9826847314834595,0.6067994832992554
2023-10-04 21:51:57,-34.0,3.3958589719981247,1.4109058380126953,0.9826847314834595,0.6067994832992554
2023-10-04 21:51:57,-34.0,3.3958589719981247,1.4109058380126953,0.9826847314834595,0.6067994832992554
2023-10-04 21:51:57,-34.0,3.3958589719981247,1.4109058380126953,0.9826847314834595,0.6067994832992554
2023-10-04 21:51:57,-35.0,3.3958589719981247,1.4109058380126953,0.9826847314834595,0.6067994832992554
2023-10-04 21:51:57,-33.5,3.3950422441925716,1.3566007614135742,1.0223195552825928,0.5861890316009521
2023-10-04 21:51:58,-32.0,3.3391802452588557,1.2601375579833984,1.0152875185012817,0.6199078559875488
2023-10-04 21:51:58,-31.5,3.3110038721664377,1.3426694869995117,1.023469090461731,0.6460283994674683
2023-10-04 21:51:58,-31.5,3.3110038721664377,1.3426694869995117,1.023469090461731,0.6460283994674683
2023-10-04 21:51:58,-31.5,3.3110038721664377,1.3426694869995117,1.023469090461731,0.6460283994674683
2023-10-04 21:51:58,-31.5,3.3110038721664377,1.3426694869995117,1.023469090461731,0.6460283994674683
2023-10-04 21:51:58,-31.5,3.3110038721664377,1.3426694869995117,1.023469090461731,0.6460283994674683
2023-10-04 21:51:58,-31.5,3.3110038721664377,1.3426694869995117,1.023469090461731,0.6460283994674683
2023-10-04 21:51:58,-31.5,3.3110038721664377,1.3426694869995117,1.023469090461731,0.6460283994674683
2023-10-04 21:51:58,-29.0,3.3167521337379426,1.3545923233032227,0.9947785139083862,0.6665323972702026
2023-10-04 21:51:58,-28.0,3.2978354267875907,1.4217824935913086,1.0010201930999756,0.6775756478309631
2023-10-04 21:51:59,-28.0,3.143524995602442,2.0401382446289062,1.1808722019195557,0.6789000034332275
2023-10-04 21:51:59,-27.0,3.0897121361102404,2.2836570739746094,1.2541611194610596,0.6541710495948792
2023-10-04 21:51:59,-27.0,3.0897121361102404,2.2836570739746094,1.2541611194610596,0.6541710495948792
2023-10-04 21:51:59,-27.0,3.0897121361102404,2.2836570739746094,1.2541611194610596,0.6541710495948792
2023-10-04 21:51:59,-27.0,3.0897121361102404,2.2836570739746094,1.2541611194610596,0.6541710495948792
2023-10-04 21:51:59,-27.0,3.0897121361102404,2.2836570739746094,1.2541611194610596,0.6541710495948792
2023-10-04 21:51:59,-27.0,3.0897121361102404,2.2836570739746094,1.2541611194610596,0.6541710495948792
2023-10-04 21:51:59,-27.0,3.0897121361102404,2.2836570739746094,1.2541611194610596,0.6541710495948792
2023-10-04 21:51:59,-27.0,3.0897121361102404,2.2836570739746094,1.2541611194610596,0.6541710495948792
2023-10-04 21:51:59,-27.0,3.0897121361102404,2.2836570739746094,1.2541611194610596,0.6541710495948792
2023-10-04 21:52:00,-27.0,3.0897121361102404,2.2836570739746094,1.2541611194610596,0.6541710495948792
2023-10-04 21:52:00,-27.0,3.0897121361102404,2.2836570739746094,1.2541611194610596,0.6541710495948792
2023-10-04 21:52:00,-27.0,3.0897121361102404,2.2836570739746094,1.2541611194610596,0.6541710495948792
2023-10-04 21:52:00,-27.0,3.0897121361102404,2.2836570739746094,1.2541611194610596,0.6541710495948792
2023-10-04 21:52:00,-27.0,3.0897121361102404,2.2836570739746094,1.2541611194610596,0.6541710495948792
2023-10-04 21:52:00,-27.0,3.0897121361102404,2.2836570739746094,1.2541611194610596,0.6541710495948792
2023-10-04 21:52:00,-27.0,3.0897121361102404,2.2836570739746094,1.2541611194610596,0.6541710495948792
2023-10-04 21:52:00,-27.0,3.0897121361102404,2.2836570739746094,1.2541611194610596,0.6541710495948792
2023-10-04 21:52:00,-27.0,3.0897121361102404,2.2836570739746094,1.2541611194610596,0.6541710495948792
2023-10-04 21:52:00,-27.0,3.0897121361102404,2.2836570739746094,1.2541611194610596,0.6541710495948792
2023-10-04 21:52:01,-27.0,3.0897121361102404,2.2836570739746094,1.2541611194610596,0.6541710495948792
2023-10-04 21:52:01,-27.0,3.0897121361102404,2.2836570739746094,1.2541611194610596,0.6541710495948792
2023-10-04 21:52:01,-27.0,3.0897121361102404,2.2836570739746094,1.2541611194610596,0.6541710495948792
2023-10-04 21:52:01,-27.0,3.0897121361102404,2.2836570739746094,1.2541611194610596,0.6541710495948792
2023-10-04 21:52:01,-27.0,3.0897121361102404,2.2836570739746094,1.2541611194610596,0.6541710495948792
2023-10-04 21:52:01,-27.0,3.0897121361102404,2.2836570739746094,1.2541611194610596,0.6541710495948792
2023-10-04 21:52:01,-27.0,3.0897121361102404,2.2836570739746094,1.2541611194610596,0.6541710495948792
2023-10-04 21:52:01,-27.0,3.0897121361102404,2.2836570739746094,1.2541611194610596,0.6541710495948792
2023-10-04 21:52:01,-27.0,3.0897121361102404,2.2836570739746094,1.2541611194610596,0.6541710495948792
2023-10-04 21:52:01,-27.0,3.0897121361102404,2.2836570739746094,1.2541611194610596,0.6541710495948792
2023-10-04 21:52:02,-27.0,3.0897121361102404,2.2836570739746094,1.2541611194610596,0.6541710495948792
2023-10-04 21:52:02,-27.0,3.0897121361102404,2.2836570739746094,1.2541611194610596,0.6541710495948792
2023-10-04 21:52:02,-27.0,3.0897121361102404,2.2836570739746094,1.2541611194610596,0.6541710495948792
2023-10-04 21:52:02,-27.0,3.0897121361102404,2.2836570739746094,1.2541611194610596,0.6541710495948792
2023-10-04 21:52:02,-27.0,3.0897121361102404,2.2836570739746094,1.2541611194610596,0.6541710495948792
2023-10-04 21:52:02,-27.0,3.0897121361102404,2.2836570739746094,1.2541611194610596,0.6541710495948792
2023-10-04 21:52:02,-27.0,3.0897121361102404,2.2836570739746094,1.2541611194610596,0.6541710495948792
2023-10-04 21:52:02,-27.0,3.0897121361102404,2.2836570739746094,1.2541611194610596,0.6541710495948792
2023-10-04 21:52:02,-27.0,3.0897121361102404,2.2836570739746094,1.2541611194610596,0.6541710495948792
2023-10-04 21:52:02,-27.0,3.0897121361102404,2.2836570739746094,1.2541611194610596,0.6541710495948792
2023-10-04 21:52:03,-27.0,3.0897121361102404,2.2836570739746094,1.2541611194610596,0.6541710495948792
2023-10-04 21:52:03,-27.0,3.0897121361102404,2.2836570739746094,1.2541611194610596,0.6541710495948792
2023-10-04 21:52:03,-27.0,3.0897121361102404,2.2836570739746094,1.2541611194610596,0.6541710495948792
2023-10-04 21:52:03,-27.0,3.0897121361102404,2.2836570739746094,1.2541611194610596,0.6541710495948792
2023-10-04 21:52:03,-27.0,3.0897121361102404,2.2836570739746094,1.2541611194610596,0.6541710495948792
2023-10-04 21:52:03,-27.0,3.0897121361102404,2.2836570739746094,1.2541611194610596,0.6541710495948792
2023-10-04 21:52:03,-27.0,3.0897121361102404,2.2836570739746094,1.2541611194610596,0.6541710495948792
2023-10-04 21:52:03,-27.0,3.0897121361102404,2.2836570739746094,1.2541611194610596,0.6541710495948792
2023-10-04 21:52:03,-27.0,3.0897121361102404,2.2836570739746094,1.2541611194610596,0.6541710495948792
2023-10-04 21:52:03,-27.0,3.0897121361102404,2.2836570739746094,1.2541611194610596,0.6541710495948792
2023-10-04 21:52:04,-27.0,3.0897121361102404,2.2836570739746094,1.2541611194610596,0.6541710495948792
2023-10-04 21:52:04,-27.0,3.0897121361102404,2.2836570739746094,1.2541611194610596,0.6541710495948792
2023-10-04 21:52:04,-27.0,3.0897121361102404,2.2836570739746094,1.2541611194610596,0.6541710495948792
2023-10-04 21:52:04,-27.0,3.0897121361102404,2.2836570739746094,1.2541611194610596,0.6541710495948792
2023-10-04 21:52:04,-27.0,3.0897121361102404,2.2836570739746094,1.2541611194610596,0.6541710495948792
2023-10-04 21:52:04,-27.0,3.0897121361102404,2.2836570739746094,1.2541611194610596,0.6541710495948792
2023-10-04 21:52:04,-27.0,3.0897121361102404,2.2836570739746094,1.2541611194610596,0.6541710495948792
2023-10-04 21:52:04,-27.0,3.0897121361102404,2.2836570739746094,1.2541611194610596,0.6541710495948792
2023-10-04 21:52:04,-27.0,3.0897121361102404,2.2836570739746094,1.2541611194610596,0.6541710495948792
2023-10-04 21:52:04,-27.0,3.0897121361102404,2.2836570739746094,1.2541611194610596,0.6541710495948792
2023-10-04 21:52:05,-27.0,3.0897121361102404,2.2836570739746094,1.2541611194610596,0.6541710495948792
2023-10-04 21:52:05,-27.0,3.0897121361102404,2.2836570739746094,1.2541611194610596,0.6541710495948792
2023-10-04 21:52:05,-27.0,3.0897121361102404,2.2836570739746094,1.2541611194610596,0.6541710495948792
2023-10-04 21:52:05,-27.0,3.0897121361102404,2.2836570739746094,1.2541611194610596,0.6541710495948792
2023-10-04 21:52:05,-27.0,3.0897121361102404,2.2836570739746094,1.2541611194610596,0.6541710495948792
2023-10-04 21:52:05,-27.0,3.0897121361102404,2.2836570739746094,1.2541611194610596,0.6541710495948792
2023-10-04 21:52:06,-25.0,3.2188661188922003,2.468942642211914,1.1141417026519775,0.6675444841384888
2023-10-04 21:52:06,-25.0,3.2188661188922003,2.468942642211914,1.1141417026519775,0.6675444841384888
2023-10-04 21:52:06,-25.0,3.2188661188922003,2.468942642211914,1.1141417026519775,0.6675444841384888
2023-10-04 21:52:06,-25.0,3.2188661188922003,2.468942642211914,1.1141417026519775,0.6675444841384888
2023-10-04 21:52:06,-25.0,3.2188661188922003,2.468942642211914,1.1141417026519775,0.6675444841384888
2023-10-04 21:52:06,-25.0,3.2188661188922003,2.468942642211914,1.1141417026519775,0.6675444841384888
2023-10-04 21:52:07,-25.0,3.2188661188922003,2.468942642211914,1.1141417026519775,0.6675444841384888
2023-10-04 21:52:07,-25.0,3.2188661188922003,2.468942642211914,1.1141417026519775,0.6675444841384888
2023-10-04 21:52:07,-25.0,3.2188661188922003,2.468942642211914,1.1141417026519775,0.6675444841384888
2023-10-04 21:52:07,-25.0,3.2188661188922003,2.468942642211914,1.1141417026519775,0.6675444841384888
2023-10-04 21:52:07,-25.0,3.2188661188922003,2.468942642211914,1.1141417026519775,0.6675444841384888
2023-10-04 21:52:07,-25.0,3.2188661188922003,2.468942642211914,1.1141417026519775,0.6675444841384888
2023-10-04 21:52:07,-25.0,3.2188661188922003,2.468942642211914,1.1141417026519775,0.6675444841384888
2023-10-04 21:52:07,-25.0,3.2188661188922003,2.468942642211914,1.1141417026519775,0.6675444841384888
2023-10-04 21:52:07,-25.0,3.2188661188922003,2.468942642211914,1.1141417026519775,0.6675444841384888
2023-10-04 21:52:07,-25.0,3.2188661188922003,2.468942642211914,1.1141417026519775,0.6675444841384888
2023-10-04 21:52:08,-25.0,3.2188661188922003,2.468942642211914,1.1141417026519775,0.6675444841384888
2023-10-04 21:52:08,-25.0,3.2188661188922003,2.468942642211914,1.1141417026519775,0.6675444841384888
2023-10-04 21:52:08,-25.0,3.2188661188922003,2.468942642211914,1.1141417026519775,0.6675444841384888
2023-10-04 21:52:08,-25.0,3.2188661188922003,2.468942642211914,1.1141417026519775,0.6675444841384888
2023-10-04 21:52:08,-25.0,3.2188661188922003,2.468942642211914,1.1141417026519775,0.6675444841384888
2023-10-04 21:52:08,-25.0,3.2188661188922003,2.468942642211914,1.1141417026519775,0.6675444841384888
2023-10-04 21:52:08,-25.0,3.2188661188922003,2.468942642211914,1.1141417026519775,0.6675444841384888
2023-10-04 21:52:08,-25.0,3.2188661188922003,2.468942642211914,1.1141417026519775,0.6675444841384888
2023-10-04 21:52:08,-25.0,3.2188661188922003,2.468942642211914,1.1141417026519775,0.6675444841384888
2023-10-04 21:52:08,-25.0,3.2188661188922003,2.468942642211914,1.1141417026519775,0.6675444841384888
2023-10-04 21:52:09,-25.0,3.2188661188922003,2.468942642211914,1.1141417026519775,0.6675444841384888
2023-10-04 21:52:09,-25.0,3.2188661188922003,2.468942642211914,1.1141417026519775,0.6675444841384888
2023-10-04 21:52:09,-25.0,3.2188661188922003,2.468942642211914,1.1141417026519775,0.6675444841384888
2023-10-04 21:52:09,-25.0,3.2188661188922003,2.468942642211914,1.1141417026519775,0.6675444841384888
2023-10-04 21:52:09,-25.0,3.2188661188922003,2.468942642211914,1.1141417026519775,0.6675444841384888
2023-10-04 21:52:09,-25.0,3.2188661188922003,2.468942642211914,1.1141417026519775,0.6675444841384888
2023-10-04 21:52:09,-25.0,3.2188661188922003,2.468942642211914,1.1141417026519775,0.6675444841384888
2023-10-04 21:52:09,-25.0,3.2188661188922003,2.468942642211914,1.1141417026519775,0.6675444841384888
2023-10-04 21:52:09,-25.0,3.2188661188922003,2.468942642211914,1.1141417026519775,0.6675444841384888
2023-10-04 21:52:09,-25.0,3.2188661188922003,2.468942642211914,1.1141417026519775,0.6675444841384888
2023-10-04 21:52:10,-25.0,3.2188661188922003,2.468942642211914,1.1141417026519775,0.6675444841384888
2023-10-04 21:52:10,-25.0,3.2188661188922003,2.468942642211914,1.1141417026519775,0.6675444841384888
2023-10-04 21:52:10,-25.0,3.2188661188922003,2.468942642211914,1.1141417026519775,0.6675444841384888
2023-10-04 21:52:10,-26.0,3.2188661188922003,2.468942642211914,1.1141417026519775,0.6675444841384888
2023-10-04 21:52:10,-24.0,3.3361951643365715,2.44681453704834,1.027970790863037,0.6542837023735046
2023-10-04 21:52:10,-24.0,3.3361951643365715,2.44681453704834,1.027970790863037,0.6542837023735046
2023-10-04 21:52:10,-24.0,3.3361951643365715,2.44681453704834,1.027970790863037,0.6542837023735046
2023-10-04 21:52:10,-24.0,3.3361951643365715,2.44681453704834,1.027970790863037,0.6542837023735046
2023-10-04 21:52:10,-24.0,3.3361951643365715,2.44681453704834,1.027970790863037,0.6542837023735046
2023-10-04 21:52:10,-24.0,3.3361951643365715,2.44681453704834,1.027970790863037,0.6542837023735046
2023-10-04 21:52:11,-24.0,3.3361951643365715,2.44681453704834,1.027970790863037,0.6542837023735046
2023-10-04 21:52:11,-24.0,3.3361951643365715,2.44681453704834,1.027970790863037,0.6542837023735046
2023-10-04 21:52:11,-24.0,3.3361951643365715,2.44681453704834,1.027970790863037,0.6542837023735046
2023-10-04 21:52:11,-24.0,3.3361951643365715,2.44681453704834,1.027970790863037,0.6542837023735046
2023-10-04 21:52:11,-24.0,3.3361951643365715,2.44681453704834,1.027970790863037,0.6542837023735046
2023-10-04 21:52:11,-24.0,3.3361951643365715,2.44681453704834,1.027970790863037,0.6542837023735046
2023-10-04 21:52:11,-24.0,3.3361951643365715,2.44681453704834,1.027970790863037,0.6542837023735046
2023-10-04 21:52:11,-24.0,3.3361951643365715,2.44681453704834,1.027970790863037,0.6542837023735046
2023-10-04 21:52:11,-24.0,3.3361951643365715,2.44681453704834,1.027970790863037,0.6542837023735046
2023-10-04 21:52:11,-24.0,3.3361951643365715,2.44681453704834,1.027970790863037,0.6542837023735046
2023-10-04 21:52:12,-24.0,3.3361951643365715,2.44681453704834,1.027970790863037,0.6542837023735046
2023-10-04 21:52:12,-24.0,3.3361951643365715,2.44681453704834,1.027970790863037,0.6542837023735046
2023-10-04 21:52:12,-24.0,3.3361951643365715,2.44681453704834,1.027970790863037,0.6542837023735046
2023-10-04 21:52:12,-24.0,3.3361951643365715,2.44681453704834,1.027970790863037,0.6542837023735046
2023-10-04 21:52:12,-24.0,3.3361951643365715,2.44681453704834,1.027970790863037,0.6542837023735046
2023-10-04 21:52:12,-24.0,3.3361951643365715,2.44681453704834,1.027970790863037,0.6542837023735046
2023-10-04 21:52:12,-24.0,3.3361951643365715,2.44681453704834,1.027970790863037,0.6542837023735046
2023-10-04 21:52:12,-24.0,3.3361951643365715,2.44681453704834,1.027970790863037,0.6542837023735046
2023-10-04 21:52:12,-24.0,3.3361951643365715,2.44681453704834,1.027970790863037,0.6542837023735046
2023-10-04 21:52:12,-24.0,3.3361951643365715,2.44681453704834,1.027970790863037,0.6542837023735046
2023-10-04 21:52:13,-24.0,3.3361951643365715,2.44681453704834,1.027970790863037,0.6542837023735046
2023-10-04 21:52:13,-24.0,3.3361951643365715,2.44681453704834,1.027970790863037,0.6542837023735046
2023-10-04 21:52:13,-24.0,3.3361951643365715,2.44681453704834,1.027970790863037,0.6542837023735046
2023-10-04 21:52:13,-24.0,3.3361951643365715,2.44681453704834,1.027970790863037,0.6542837023735046
2023-10-04 21:52:13,-24.0,3.3361951643365715,2.44681453704834,1.027970790863037,0.6542837023735046
2023-10-04 21:52:13,-22.0,3.3128413673713184,2.2963151931762695,1.040259838104248,0.7407153248786926
2023-10-04 21:52:13,-23.5,3.3128413673713184,2.2963151931762695,1.040259838104248,0.7407153248786926
2023-10-04 21:52:13,-21.0,3.244444374602981,2.2442398071289062,1.1571238040924072,0.680452287197113
2023-10-04 21:52:13,-21.0,3.244444374602981,2.2442398071289062,1.1571238040924072,0.680452287197113
2023-10-04 21:52:13,-21.0,3.244444374602981,2.2442398071289062,1.1571238040924072,0.680452287197113
2023-10-04 21:52:14,-21.0,3.244444374602981,2.2442398071289062,1.1571238040924072,0.680452287197113
2023-10-04 21:52:14,-21.0,3.244444374602981,2.2442398071289062,1.1571238040924072,0.680452287197113
2023-10-04 21:52:14,-21.0,3.244444374602981,2.2442398071289062,1.1571238040924072,0.680452287197113
2023-10-04 21:52:14,-21.0,3.244444374602981,2.2442398071289062,1.1571238040924072,0.680452287197113
2023-10-04 21:52:14,-21.0,3.244444374602981,2.2442398071289062,1.1571238040924072,0.680452287197113
2023-10-04 21:52:14,-21.0,3.244444374602981,2.2442398071289062,1.1571238040924072,0.680452287197113
2023-10-04 21:52:14,-21.0,3.244444374602981,2.2442398071289062,1.1571238040924072,0.680452287197113
2023-10-04 21:52:14,-21.0,3.244444374602981,2.2442398071289062,1.1571238040924072,0.680452287197113
2023-10-04 21:52:14,-21.0,3.3559779029367416,2.140176773071289,1.0639641284942627,0.689132571220398
2023-10-04 21:52:14,-20.0,3.2529894679006874,2.500941276550293,1.1867974996566772,0.6714102625846863
2023-10-04 21:52:15,-19.5,3.340250658868092,2.5666399002075195,1.0773563385009766,0.6539503931999207
2023-10-04 21:52:15,-20.5,3.340250658868092,2.5666399002075195,1.0773563385009766,0.6539503931999207
2023-10-04 21:52:15,-20.5,3.340250658868092,2.5666399002075195,1.0773563385009766,0.6539503931999207
2023-10-04 21:52:15,-20.5,3.340250658868092,2.5666399002075195,1.0773563385009766,0.6539503931999207
2023-10-04 21:52:15,-20.5,3.340250658868092,2.5666399002075195,1.0773563385009766,0.6539503931999207
2023-10-04 21:52:15,-20.5,3.340250658868092,2.5666399002075195,1.0773563385009766,0.6539503931999207
2023-10-04 21:52:15,-20.5,3.340250658868092,2.5666399002075195,1.0773563385009766,0.6539503931999207
2023-10-04 21:52:15,-20.5,3.340250658868092,2.5666399002075195,1.0773563385009766,0.6539503931999207
2023-10-04 21:52:15,-20.5,3.340250658868092,2.5666399002075195,1.0773563385009766,0.6539503931999207
2023-10-04 21:52:15,-20.5,3.340250658868092,2.5666399002075195,1.0773563385009766,0.6539503931999207
2023-10-04 21:52:16,-20.5,3.340250658868092,2.5666399002075195,1.0773563385009766,0.6539503931999207
2023-10-04 21:52:16,-20.5,3.340250658868092,2.5666399002075195,1.0773563385009766,0.6539503931999207
2023-10-04 21:52:16,-20.5,3.340250658868092,2.5666399002075195,1.0773563385009766,0.6539503931999207
2023-10-04 21:52:16,-20.5,3.340250658868092,2.5666399002075195,1.0773563385009766,0.6539503931999207
2023-10-04 21:52:16,-20.5,3.340250658868092,2.5666399002075195,1.0773563385009766,0.6539503931999207
2023-10-04 21:52:16,-20.5,3.340250658868092,2.5666399002075195,1.0773563385009766,0.6539503931999207
2023-10-04 21:52:16,-20.5,3.340250658868092,2.5666399002075195,1.0773563385009766,0.6539503931999207
2023-10-04 21:52:16,-20.5,3.340250658868092,2.5666399002075195,1.0773563385009766,0.6539503931999207
2023-10-04 21:52:16,-20.5,3.340250658868092,2.5666399002075195,1.0773563385009766,0.6539503931999207
2023-10-04 21:52:16,-20.5,3.340250658868092,2.5666399002075195,1.0773563385009766,0.6539503931999207
2023-10-04 21:52:17,-20.5,3.340250658868092,2.5666399002075195,1.0773563385009766,0.6539503931999207
2023-10-04 21:52:17,-20.5,3.340250658868092,2.5666399002075195,1.0773563385009766,0.6539503931999207
2023-10-04 21:52:17,-20.5,3.340250658868092,2.5666399002075195,1.0773563385009766,0.6539503931999207
2023-10-04 21:52:17,-20.5,3.340250658868092,2.5666399002075195,1.0773563385009766,0.6539503931999207
2023-10-04 21:52:17,-20.5,3.340250658868092,2.5666399002075195,1.0773563385009766,0.6539503931999207
2023-10-04 21:52:17,-20.5,3.340250658868092,2.5666399002075195,1.0773563385009766,0.6539503931999207
2023-10-04 21:52:17,-20.5,3.340250658868092,2.5666399002075195,1.0773563385009766,0.6539503931999207
2023-10-04 21:52:17,-20.5,3.340250658868092,2.5666399002075195,1.0773563385009766,0.6539503931999207
2023-10-04 21:52:17,-20.5,3.340250658868092,2.5666399002075195,1.0773563385009766,0.6539503931999207
2023-10-04 21:52:17,-20.5,3.340250658868092,2.5666399002075195,1.0773563385009766,0.6539503931999207
2023-10-04 21:52:18,-20.5,3.340250658868092,2.5666399002075195,1.0773563385009766,0.6539503931999207
2023-10-04 21:52:18,-20.5,3.340250658868092,2.5666399002075195,1.0773563385009766,0.6539503931999207
2023-10-04 21:52:18,-20.5,3.340250658868092,2.5666399002075195,1.0773563385009766,0.6539503931999207
2023-10-04 21:52:18,-20.5,3.340250658868092,2.5666399002075195,1.0773563385009766,0.6539503931999207
2023-10-04 21:52:18,-20.5,3.340250658868092,2.5666399002075195,1.0773563385009766,0.6539503931999207
2023-10-04 21:52:18,-20.5,3.340250658868092,2.5666399002075195,1.0773563385009766,0.6539503931999207
2023-10-04 21:52:18,-20.5,3.340250658868092,2.5666399002075195,1.0773563385009766,0.6539503931999207
2023-10-04 21:52:18,-20.5,3.340250658868092,2.5666399002075195,1.0773563385009766,0.6539503931999207
2023-10-04 21:52:18,-20.5,3.340250658868092,2.5666399002075195,1.0773563385009766,0.6539503931999207
2023-10-04 21:52:18,-20.5,3.340250658868092,2.5666399002075195,1.0773563385009766,0.6539503931999207
2023-10-04 21:52:19,-20.5,3.340250658868092,2.5666399002075195,1.0773563385009766,0.6539503931999207
2023-10-04 21:52:19,-20.5,3.340250658868092,2.5666399002075195,1.0773563385009766,0.6539503931999207
2023-10-04 21:52:19,-20.5,3.340250658868092,2.5666399002075195,1.0773563385009766,0.6539503931999207
2023-10-04 21:52:19,-20.5,3.340250658868092,2.5666399002075195,1.0773563385009766,0.6539503931999207
2023-10-04 21:52:19,-20.5,3.340250658868092,2.5666399002075195,1.0773563385009766,0.6539503931999207
2023-10-04 21:52:19,-20.5,3.340250658868092,2.5666399002075195,1.0773563385009766,0.6539503931999207
2023-10-04 21:52:19,-20.5,3.340250658868092,2.5666399002075195,1.0773563385009766,0.6539503931999207
2023-10-04 21:52:19,-20.5,3.340250658868092,2.5666399002075195,1.0773563385009766,0.6539503931999207
2023-10-04 21:52:19,-20.5,3.340250658868092,2.5666399002075195,1.0773563385009766,0.6539503931999207
2023-10-04 21:52:19,-20.5,3.340250658868092,2.5666399002075195,1.0773563385009766,0.6539503931999207
2023-10-04 21:52:20,-20.5,3.340250658868092,2.5666399002075195,1.0773563385009766,0.6539503931999207
2023-10-04 21:52:20,-20.5,3.340250658868092,2.5666399002075195,1.0773563385009766,0.6539503931999207
2023-10-04 21:52:20,-20.5,3.340250658868092,2.5666399002075195,1.0773563385009766,0.6539503931999207
2023-10-04 21:52:20,-20.5,3.340250658868092,2.5666399002075195,1.0773563385009766,0.6539503931999207
2023-10-04 21:52:20,-20.5,3.340250658868092,2.5666399002075195,1.0773563385009766,0.6539503931999207
2023-10-04 21:52:20,-20.5,3.340250658868092,2.5666399002075195,1.0773563385009766,0.6539503931999207
2023-10-04 21:52:20,-20.5,3.340250658868092,2.5666399002075195,1.0773563385009766,0.6539503931999207
2023-10-04 21:52:20,-20.5,3.340250658868092,2.5666399002075195,1.0773563385009766,0.6539503931999207
2023-10-04 21:52:20,-20.5,3.340250658868092,2.5666399002075195,1.0773563385009766,0.6539503931999207
2023-10-04 21:52:20,-20.5,3.340250658868092,2.5666399002075195,1.0773563385009766,0.6539503931999207
2023-10-04 21:52:21,-20.5,3.340250658868092,2.5666399002075195,1.0773563385009766,0.6539503931999207
2023-10-04 21:52:21,-20.5,3.340250658868092,2.5666399002075195,1.0773563385009766,0.6539503931999207
2023-10-04 21:52:21,-20.5,3.340250658868092,2.5666399002075195,1.0773563385009766,0.6539503931999207
2023-10-04 21:52:21,-21.5,3.340250658868092,2.5666399002075195,1.0773563385009766,0.6539503931999207
2023-10-04 21:52:21,-18.0,3.243320227312327,3.4789533615112305,1.1555662155151367,0.6381447315216064
2023-10-04 21:52:21,-23.5,2.2935715212799095,1.0109033584594727,0.474359929561615,0.286352276802063
2023-10-04 21:52:21,-15.5,3.2854160808455344,2.322941780090332,1.195027470588684,0.5972145199775696
2023-10-04 21:52:21,-20.5,2.691036243880643,0.5883722305297852,0.41614866256713867,0.3485264182090759
2023-10-04 21:52:21,-15.5,3.2854160808455344,2.322941780090332,1.195027470588684,0.5972145199775696
2023-10-04 21:52:21,-20.5,2.691036243880643,0.5883722305297852,0.41614866256713867,0.3485264182090759
2023-10-04 21:52:21,-15.5,3.2854160808455344,2.322941780090332,1.195027470588684,0.5972145199775696
2023-10-04 21:52:21,-20.5,2.691036243880643,0.5883722305297852,0.41614866256713867,0.3485264182090759
2023-10-04 21:52:21,-15.5,3.2854160808455344,2.322941780090332,1.195027470588684,0.5972145199775696
2023-10-04 21:52:21,-20.5,2.691036243880643,0.5883722305297852,0.41614866256713867,0.3485264182090759
2023-10-04 21:52:21,-15.5,3.2854160808455344,2.322941780090332,1.195027470588684,0.5972145199775696
2023-10-04 21:52:21,-20.5,2.691036243880643,0.5883722305297852,0.41614866256713867,0.3485264182090759
2023-10-04 21:52:22,-15.5,3.2854160808455344,2.322941780090332,1.195027470588684,0.5972145199775696
2023-10-04 21:52:22,-20.5,2.691036243880643,0.5883722305297852,0.41614866256713867,0.3485264182090759
2023-10-04 21:52:22,-15.5,3.2854160808455344,2.322941780090332,1.195027470588684,0.5972145199775696
2023-10-04 21:52:22,-20.5,2.691036243880643,0.5883722305297852,0.41614866256713867,0.3485264182090759
2023-10-04 21:52:22,-15.5,3.2854160808455344,2.322941780090332,1.195027470588684,0.5972145199775696
2023-10-04 21:52:22,-20.5,2.691036243880643,0.5883722305297852,0.41614866256713867,0.3485264182090759
2023-10-04 21:52:22,-15.5,3.2854160808455344,2.322941780090332,1.195027470588684,0.5972145199775696
2023-10-04 21:52:22,-20.5,2.691036243880643,0.5883722305297852,0.41614866256713867,0.3485264182090759
2023-10-04 21:52:22,-15.5,3.2854160808455344,2.322941780090332,1.195027470588684,0.5972145199775696
2023-10-04 21:52:22,-20.5,2.691036243880643,0.5883722305297852,0.41614866256713867,0.3485264182090759
2023-10-04 21:52:22,-15.5,3.2854160808455344,2.322941780090332,1.195027470588684,0.5972145199775696
2023-10-04 21:52:22,-20.5,2.691036243880643,0.5883722305297852,0.41614866256713867,0.3485264182090759
2023-10-04 21:52:22,-15.5,3.2854160808455344,2.322941780090332,1.195027470588684,0.5972145199775696
2023-10-04 21:52:22,-20.5,2.691036243880643,0.5883722305297852,0.41614866256713867,0.3485264182090759
2023-10-04 21:52:22,-15.5,3.2854160808455344,2.322941780090332,1.195027470588684,0.5972145199775696
2023-10-04 21:52:22,-20.5,2.691036243880643,0.5883722305297852,0.41614866256713867,0.3485264182090759
2023-10-04 21:52:22,-15.5,3.2854160808455344,2.322941780090332,1.195027470588684,0.5972145199775696
2023-10-04 21:52:22,-20.5,2.691036243880643,0.5883722305297852,0.41614866256713867,0.3485264182090759
2023-10-04 21:52:22,-15.5,3.2854160808455344,2.322941780090332,1.195027470588684,0.5972145199775696
2023-10-04 21:52:22,-20.5,2.691036243880643,0.5883722305297852,0.41614866256713867,0.3485264182090759
2023-10-04 21:52:23,-15.5,3.2854160808455344,2.322941780090332,1.195027470588684,0.5972145199775696
2023-10-04 21:52:23,-20.5,2.691036243880643,0.5883722305297852,0.41614866256713867,0.3485264182090759
2023-10-04 21:52:23,-15.5,3.2854160808455344,2.322941780090332,1.195027470588684,0.5972145199775696
2023-10-04 21:52:23,-20.5,2.691036243880643,0.5883722305297852,0.41614866256713867,0.3485264182090759
2023-10-04 21:52:23,-15.5,3.2854160808455344,2.322941780090332,1.195027470588684,0.5972145199775696
2023-10-04 21:52:23,-20.5,2.691036243880643,0.5883722305297852,0.41614866256713867,0.3485264182090759
2023-10-04 21:52:23,-15.5,3.2854160808455344,2.322941780090332,1.195027470588684,0.5972145199775696
2023-10-04 21:52:23,-20.5,2.691036243880643,0.5883722305297852,0.41614866256713867,0.3485264182090759
2023-10-04 21:52:23,-15.5,3.2854160808455344,2.322941780090332,1.195027470588684,0.5972145199775696
2023-10-04 21:52:23,-20.5,2.691036243880643,0.5883722305297852,0.41614866256713867,0.3485264182090759
2023-10-04 21:52:23,-15.5,3.2854160808455344,2.322941780090332,1.195027470588684,0.5972145199775696
2023-10-04 21:52:23,-20.5,2.691036243880643,0.5883722305297852,0.41614866256713867,0.3485264182090759
2023-10-04 21:52:23,-15.5,3.2854160808455344,2.322941780090332,1.195027470588684,0.5972145199775696
2023-10-04 21:52:23,-20.5,2.691036243880643,0.5883722305297852,0.41614866256713867,0.3485264182090759
2023-10-04 21:52:23,-15.5,3.2854160808455344,2.322941780090332,1.195027470588684,0.5972145199775696
2023-10-04 21:52:23,-20.5,2.691036243880643,0.5883722305297852,0.41614866256713867,0.3485264182090759
2023-10-04 21:52:23,-15.5,3.2854160808455344,2.322941780090332,1.195027470588684,0.5972145199775696
2023-10-04 21:52:23,-20.5,2.691036243880643,0.5883722305297852,0.41614866256713867,0.3485264182090759
2023-10-04 21:52:23,-15.5,3.2854160808455344,2.322941780090332,1.195027470588684,0.5972145199775696
2023-10-04 21:52:23,-20.5,2.691036243880643,0.5883722305297852,0.41614866256713867,0.3485264182090759
2023-10-04 21:52:24,-15.5,3.2854160808455344,2.322941780090332,1.195027470588684,0.5972145199775696
2023-10-04 21:52:24,-20.5,2.691036243880643,0.5883722305297852,0.41614866256713867,0.3485264182090759
2023-10-04 21:52:24,-15.5,3.2854160808455344,2.322941780090332,1.195027470588684,0.5972145199775696
2023-10-04 21:52:24,-20.5,2.691036243880643,0.5883722305297852,0.41614866256713867,0.3485264182090759
2023-10-04 21:52:24,-15.5,3.2854160808455344,2.322941780090332,1.195027470588684,0.5972145199775696
2023-10-04 21:52:24,-20.5,2.691036243880643,0.5883722305297852,0.41614866256713867,0.3485264182090759
2023-10-04 21:52:24,-15.5,3.2854160808455344,2.322941780090332,1.195027470588684,0.5972145199775696
2023-10-04 21:52:24,-20.5,2.691036243880643,0.5883722305297852,0.41614866256713867,0.3485264182090759
2023-10-04 21:52:24,-15.5,3.2854160808455344,2.322941780090332,1.195027470588684,0.5972145199775696
2023-10-04 21:52:24,-20.5,2.691036243880643,0.5883722305297852,0.41614866256713867,0.3485264182090759
2023-10-04 21:52:24,-15.5,3.2854160808455344,2.322941780090332,1.195027470588684,0.5972145199775696
2023-10-04 21:52:24,-20.5,2.691036243880643,0.5883722305297852,0.41614866256713867,0.3485264182090759
2023-10-04 21:52:24,-15.5,3.2854160808455344,2.322941780090332,1.195027470588684,0.5972145199775696
2023-10-04 21:52:24,-20.5,2.691036243880643,0.5883722305297852,0.41614866256713867,0.3485264182090759
2023-10-04 21:52:24,-15.5,3.2854160808455344,2.322941780090332,1.195027470588684,0.5972145199775696
2023-10-04 21:52:24,-20.5,2.691036243880643,0.5883722305297852,0.41614866256713867,0.3485264182090759
2023-10-04 21:52:24,-15.5,3.2854160808455344,2.322941780090332,1.195027470588684,0.5972145199775696
2023-10-04 21:52:24,-20.5,2.691036243880643,0.5883722305297852,0.41614866256713867,0.3485264182090759
2023-10-04 21:52:24,-15.5,3.2854160808455344,2.322941780090332,1.195027470588684,0.5972145199775696
2023-10-04 21:52:24,-20.5,2.691036243880643,0.5883722305297852,0.41614866256713867,0.3485264182090759
2023-10-04 21:52:25,-15.5,3.2854160808455344,2.322941780090332,1.195027470588684,0.5972145199775696
2023-10-04 21:52:25,-20.5,2.691036243880643,0.5883722305297852,0.41614866256713867,0.3485264182090759
2023-10-04 21:52:25,-15.5,3.2854160808455344,2.322941780090332,1.195027470588684,0.5972145199775696
2023-10-04 21:52:25,-20.5,2.691036243880643,0.5883722305297852,0.41614866256713867,0.3485264182090759
2023-10-04 21:52:25,-15.5,3.2854160808455344,2.322941780090332,1.195027470588684,0.5972145199775696
2023-10-04 21:52:25,-20.5,2.691036243880643,0.5883722305297852,0.41614866256713867,0.3485264182090759
2023-10-04 21:52:25,-15.5,3.2854160808455344,2.322941780090332,1.195027470588684,0.5972145199775696
2023-10-04 21:52:25,-20.5,2.691036243880643,0.5883722305297852,0.41614866256713867,0.3485264182090759
2023-10-04 21:52:25,-15.5,3.2854160808455344,2.322941780090332,1.195027470588684,0.5972145199775696
2023-10-04 21:52:25,-20.5,2.691036243880643,0.5883722305297852,0.41614866256713867,0.3485264182090759
2023-10-04 21:52:25,-15.5,3.2854160808455344,2.322941780090332,1.195027470588684,0.5972145199775696
2023-10-04 21:52:25,-20.5,2.691036243880643,0.5883722305297852,0.41614866256713867,0.3485264182090759
2023-10-04 21:52:25,-15.5,3.2854160808455344,2.322941780090332,1.195027470588684,0.5972145199775696
2023-10-04 21:52:25,-20.5,2.691036243880643,0.5883722305297852,0.41614866256713867,0.3485264182090759
2023-10-04 21:52:25,-15.5,3.2854160808455344,2.322941780090332,1.195027470588684,0.5972145199775696
2023-10-04 21:52:25,-20.5,2.691036243880643,0.5883722305297852,0.41614866256713867,0.3485264182090759
2023-10-04 21:52:25,-15.5,3.2854160808455344,2.322941780090332,1.195027470588684,0.5972145199775696
2023-10-04 21:52:25,-20.5,2.691036243880643,0.5883722305297852,0.41614866256713867,0.3485264182090759
2023-10-04 21:52:25,-15.5,3.2854160808455344,2.322941780090332,1.195027470588684,0.5972145199775696
2023-10-04 21:52:25,-20.5,2.691036243880643,0.5883722305297852,0.41614866256713867,0.3485264182090759
2023-10-04 21:52:26,-15.5,3.2854160808455344,2.322941780090332,1.195027470588684,0.5972145199775696
2023-10-04 21:52:26,-20.5,2.691036243880643,0.5883722305297852,0.41614866256713867,0.3485264182090759
2023-10-04 21:52:26,-15.5,3.2854160808455344,2.322941780090332,1.195027470588684,0.5972145199775696
2023-10-04 21:52:26,-20.5,2.691036243880643,0.5883722305297852,0.41614866256713867,0.3485264182090759
2023-10-04 21:52:26,-15.5,3.2854160808455344,2.322941780090332,1.195027470588684,0.5972145199775696
2023-10-04 21:52:26,-20.5,2.691036243880643,0.5883722305297852,0.41614866256713867,0.3485264182090759
2023-10-04 21:52:26,-15.5,3.2854160808455344,2.322941780090332,1.195027470588684,0.5972145199775696
2023-10-04 21:52:26,-20.5,2.691036243880643,0.5883722305297852,0.41614866256713867,0.3485264182090759
2023-10-04 21:52:26,-15.5,3.2854160808455344,2.322941780090332,1.195027470588684,0.5972145199775696
2023-10-04 21:52:26,-20.5,2.691036243880643,0.5883722305297852,0.41614866256713867,0.3485264182090759
2023-10-04 21:52:26,-15.5,3.2854160808455344,2.322941780090332,1.195027470588684,0.5972145199775696
2023-10-04 21:52:26,-20.5,2.691036243880643,0.5883722305297852,0.41614866256713867,0.3485264182090759
2023-10-04 21:52:26,-15.5,3.2854160808455344,2.322941780090332,1.195027470588684,0.5972145199775696
2023-10-04 21:52:26,-20.5,2.691036243880643,0.5883722305297852,0.41614866256713867,0.3485264182090759
2023-10-04 21:52:26,-15.5,3.2854160808455344,2.322941780090332,1.195027470588684,0.5972145199775696
2023-10-04 21:52:26,-20.5,2.691036243880643,0.5883722305297852,0.41614866256713867,0.3485264182090759
2023-10-04 21:52:26,-15.5,3.2854160808455344,2.322941780090332,1.195027470588684,0.5972145199775696
2023-10-04 21:52:26,-20.5,2.691036243880643,0.5883722305297852,0.41614866256713867,0.3485264182090759
2023-10-04 21:52:26,-15.5,3.2854160808455344,2.322941780090332,1.195027470588684,0.5972145199775696
2023-10-04 21:52:26,-20.5,2.691036243880643,0.5883722305297852,0.41614866256713867,0.3485264182090759
2023-10-04 21:52:27,-15.5,3.2854160808455344,2.322941780090332,1.195027470588684,0.5972145199775696
2023-10-04 21:52:27,-20.5,2.691036243880643,0.5883722305297852,0.41614866256713867,0.3485264182090759
2023-10-04 21:52:27,-15.5,3.2854160808455344,2.322941780090332,1.195027470588684,0.5972145199775696
2023-10-04 21:52:27,-20.5,2.691036243880643,0.5883722305297852,0.41614866256713867,0.3485264182090759
2023-10-04 21:52:27,-15.5,3.2854160808455344,2.322941780090332,1.195027470588684,0.5972145199775696
2023-10-04 21:52:27,-20.5,2.691036243880643,0.5883722305297852,0.41614866256713867,0.3485264182090759
2023-10-04 21:52:27,-15.5,3.2854160808455344,2.322941780090332,1.195027470588684,0.5972145199775696
2023-10-04 21:52:27,-20.5,2.691036243880643,0.5883722305297852,0.41614866256713867,0.3485264182090759
2023-10-04 21:52:27,-15.5,3.2854160808455344,2.322941780090332,1.195027470588684,0.5972145199775696
2023-10-04 21:52:27,-20.5,2.691036243880643,0.5883722305297852,0.41614866256713867,0.3485264182090759
2023-10-04 21:52:27,-15.5,3.2854160808455344,2.322941780090332,1.195027470588684,0.5972145199775696
2023-10-04 21:52:27,-20.5,2.691036243880643,0.5883722305297852,0.41614866256713867,0.3485264182090759
2023-10-04 21:52:27,-15.5,3.2854160808455344,2.322941780090332,1.195027470588684,0.5972145199775696
2023-10-04 21:52:27,-20.5,2.691036243880643,0.5883722305297852,0.41614866256713867,0.3485264182090759
2023-10-04 21:52:27,-15.5,3.2854160808455344,2.322941780090332,1.195027470588684,0.5972145199775696
2023-10-04 21:52:27,-20.5,2.691036243880643,0.5883722305297852,0.41614866256713867,0.3485264182090759
2023-10-04 21:52:27,-15.5,3.2854160808455344,2.322941780090332,1.195027470588684,0.5972145199775696
2023-10-04 21:52:27,-20.5,2.691036243880643,0.5883722305297852,0.41614866256713867,0.3485264182090759
2023-10-04 21:52:27,-15.5,3.2854160808455344,2.322941780090332,1.195027470588684,0.5972145199775696
2023-10-04 21:52:27,-20.5,2.691036243880643,0.5883722305297852,0.41614866256713867,0.3485264182090759
2023-10-04 21:52:28,-15.5,3.2854160808455344,2.322941780090332,1.195027470588684,0.5972145199775696
2023-10-04 21:52:28,-20.5,2.691036243880643,0.5883722305297852,0.41614866256713867,0.3485264182090759
2023-10-04 21:52:28,-15.5,3.2854160808455344,2.322941780090332,1.195027470588684,0.5972145199775696
2023-10-04 21:52:28,-20.5,2.691036243880643,0.5883722305297852,0.41614866256713867,0.3485264182090759
2023-10-04 21:52:28,-15.5,3.2854160808455344,2.322941780090332,1.195027470588684,0.5972145199775696
2023-10-04 21:52:28,-20.5,2.691036243880643,0.5883722305297852,0.41614866256713867,0.3485264182090759
2023-10-04 21:52:28,-15.5,3.2854160808455344,2.322941780090332,1.195027470588684,0.5972145199775696
2023-10-04 21:52:28,-20.5,2.691036243880643,0.5883722305297852,0.41614866256713867,0.3485264182090759
2023-10-04 21:52:28,-15.5,3.2854160808455344,2.322941780090332,1.195027470588684,0.5972145199775696
2023-10-04 21:52:28,-20.5,2.691036243880643,0.5883722305297852,0.41614866256713867,0.3485264182090759
2023-10-04 21:52:28,-15.5,3.2854160808455344,2.322941780090332,1.195027470588684,0.5972145199775696
2023-10-04 21:52:28,-20.5,2.691036243880643,0.5883722305297852,0.41614866256713867,0.3485264182090759
2023-10-04 21:52:28,-15.5,3.2854160808455344,2.322941780090332,1.195027470588684,0.5972145199775696
2023-10-04 21:52:28,-20.5,2.691036243880643,0.5883722305297852,0.41614866256713867,0.3485264182090759
2023-10-04 21:52:28,-15.5,3.2854160808455344,2.322941780090332,1.195027470588684,0.5972145199775696
2023-10-04 21:52:28,-20.5,2.691036243880643,0.5883722305297852,0.41614866256713867,0.3485264182090759
2023-10-04 21:52:28,-15.5,3.2854160808455344,2.322941780090332,1.195027470588684,0.5972145199775696
2023-10-04 21:52:28,-20.5,2.691036243880643,0.5883722305297852,0.41614866256713867,0.3485264182090759
2023-10-04 21:52:28,-15.5,3.2854160808455344,2.322941780090332,1.195027470588684,0.5972145199775696
2023-10-04 21:52:28,-20.5,2.691036243880643,0.5883722305297852,0.41614866256713867,0.3485264182090759
2023-10-04 21:52:29,-15.5,3.2854160808455344,2.322941780090332,1.195027470588684,0.5972145199775696
2023-10-04 21:52:29,-20.5,2.691036243880643,0.5883722305297852,0.41614866256713867,0.3485264182090759
2023-10-04 21:52:29,-15.5,3.2854160808455344,2.322941780090332,1.195027470588684,0.5972145199775696
2023-10-04 21:52:29,-20.5,2.691036243880643,0.5883722305297852,0.41614866256713867,0.3485264182090759
2023-10-04 21:52:29,-15.5,3.2854160808455344,2.322941780090332,1.195027470588684,0.5972145199775696
2023-10-04 21:52:29,-20.5,2.691036243880643,0.5883722305297852,0.41614866256713867,0.3485264182090759
2023-10-04 21:52:29,-15.5,3.2854160808455344,2.322941780090332,1.195027470588684,0.5972145199775696
2023-10-04 21:52:29,-20.5,2.691036243880643,0.5883722305297852,0.41614866256713867,0.3485264182090759
2023-10-04 21:52:29,-15.5,3.2854160808455344,2.322941780090332,1.195027470588684,0.5972145199775696
2023-10-04 21:52:29,-20.5,2.691036243880643,0.5883722305297852,0.41614866256713867,0.3485264182090759
2023-10-04 21:52:29,-15.5,3.2854160808455344,2.322941780090332,1.195027470588684,0.5972145199775696
2023-10-04 21:52:29,-20.5,2.691036243880643,0.5883722305297852,0.41614866256713867,0.3485264182090759
2023-10-04 21:52:29,-15.5,3.2854160808455344,2.322941780090332,1.195027470588684,0.5972145199775696
2023-10-04 21:52:29,-20.5,2.691036243880643,0.5883722305297852,0.41614866256713867,0.3485264182090759
2023-10-04 21:52:29,-15.5,3.2854160808455344,2.322941780090332,1.195027470588684,0.5972145199775696
2023-10-04 21:52:29,-20.5,2.691036243880643,0.5883722305297852,0.41614866256713867,0.3485264182090759
2023-10-04 21:52:29,-15.5,3.2854160808455344,2.322941780090332,1.195027470588684,0.5972145199775696
2023-10-04 21:52:29,-20.5,2.691036243880643,0.5883722305297852,0.41614866256713867,0.3485264182090759
2023-10-04 21:52:29,-15.5,3.2854160808455344,2.322941780090332,1.195027470588684,0.5972145199775696
2023-10-04 21:52:29,-20.5,2.691036243880643,0.5883722305297852,0.41614866256713867,0.3485264182090759
2023-10-04 21:52:30,-15.5,3.2854160808455344,2.322941780090332,1.195027470588684,0.5972145199775696
2023-10-04 21:52:30,-20.5,2.691036243880643,0.5883722305297852,0.41614866256713867,0.3485264182090759
2023-10-04 21:52:30,-15.5,3.2854160808455344,2.322941780090332,1.195027470588684,0.5972145199775696
2023-10-04 21:52:30,-20.5,2.691036243880643,0.5883722305297852,0.41614866256713867,0.3485264182090759
2023-10-04 21:52:30,-15.5,3.2854160808455344,2.322941780090332,1.195027470588684,0.5972145199775696
2023-10-04 21:52:30,-20.5,2.691036243880643,0.5883722305297852,0.41614866256713867,0.3485264182090759
2023-10-04 21:52:30,-15.5,3.2854160808455344,2.322941780090332,1.195027470588684,0.5972145199775696
2023-10-04 21:52:30,-20.5,2.691036243880643,0.5883722305297852,0.41614866256713867,0.3485264182090759
2023-10-04 21:52:30,-15.5,3.2854160808455344,2.322941780090332,1.195027470588684,0.5972145199775696
2023-10-04 21:52:30,-20.5,2.691036243880643,0.5883722305297852,0.41614866256713867,0.3485264182090759
2023-10-04 21:52:30,-15.5,3.2854160808455344,2.322941780090332,1.195027470588684,0.5972145199775696
2023-10-04 21:52:30,-20.5,2.691036243880643,0.5883722305297852,0.41614866256713867,0.3485264182090759
2023-10-04 21:52:30,-15.5,3.2854160808455344,2.322941780090332,1.195027470588684,0.5972145199775696
2023-10-04 21:52:30,-20.5,2.691036243880643,0.5883722305297852,0.41614866256713867,0.3485264182090759
2023-10-04 21:52:30,-15.5,3.2854160808455344,2.322941780090332,1.195027470588684,0.5972145199775696
2023-10-04 21:52:30,-20.5,2.691036243880643,0.5883722305297852,0.41614866256713867,0.3485264182090759
2023-10-04 21:52:30,-15.5,3.2854160808455344,2.322941780090332,1.195027470588684,0.5972145199775696
2023-10-04 21:52:30,-20.5,2.691036243880643,0.5883722305297852,0.41614866256713867,0.3485264182090759
2023-10-04 21:52:30,-15.5,3.2854160808455344,2.322941780090332,1.195027470588684,0.5972145199775696
2023-10-04 21:52:30,-20.5,2.691036243880643,0.5883722305297852,0.41614866256713867,0.3485264182090759
2023-10-04 21:52:31,-15.5,3.2854160808455344,2.322941780090332,1.195027470588684,0.5972145199775696
2023-10-04 21:52:31,-20.5,2.691036243880643,0.5883722305297852,0.41614866256713867,0.3485264182090759
2023-10-04 21:52:31,-15.5,3.2854160808455344,2.322941780090332,1.195027470588684,0.5972145199775696
2023-10-04 21:52:31,-20.5,2.691036243880643,0.5883722305297852,0.41614866256713867,0.3485264182090759
2023-10-04 21:52:31,-15.5,3.2854160808455344,2.322941780090332,1.195027470588684,0.5972145199775696
2023-10-04 21:52:31,-20.5,2.691036243880643,0.5883722305297852,0.41614866256713867,0.3485264182090759
2023-10-04 21:52:31,-15.5,3.2854160808455344,2.322941780090332,1.195027470588684,0.5972145199775696
2023-10-04 21:52:31,-20.5,2.691036243880643,0.5883722305297852,0.41614866256713867,0.3485264182090759
2023-10-04 21:52:31,-15.5,3.2854160808455344,2.322941780090332,1.195027470588684,0.5972145199775696
2023-10-04 21:52:31,-20.5,2.691036243880643,0.5883722305297852,0.41614866256713867,0.3485264182090759
2023-10-04 21:52:31,-15.5,3.2854160808455344,2.322941780090332,1.195027470588684,0.5972145199775696
2023-10-04 21:52:31,-20.5,2.691036243880643,0.5883722305297852,0.41614866256713867,0.3485264182090759
2023-10-04 21:52:31,-15.5,3.2854160808455344,2.322941780090332,1.195027470588684,0.5972145199775696
2023-10-04 21:52:31,-20.5,2.691036243880643,0.5883722305297852,0.41614866256713867,0.3485264182090759
2023-10-04 21:52:31,-15.5,3.2854160808455344,2.322941780090332,1.195027470588684,0.5972145199775696
2023-10-04 21:52:31,-20.5,2.691036243880643,0.5883722305297852,0.41614866256713867,0.3485264182090759
2023-10-04 21:52:31,-15.5,3.2854160808455344,2.322941780090332,1.195027470588684,0.5972145199775696
2023-10-04 21:52:31,-20.5,2.691036243880643,0.5883722305297852,0.41614866256713867,0.3485264182090759
2023-10-04 21:52:31,-15.5,3.2854160808455344,2.322941780090332,1.195027470588684,0.5972145199775696
2023-10-04 21:52:31,-20.5,2.691036243880643,0.5883722305297852,0.41614866256713867,0.3485264182090759
2023-10-04 21:52:32,-15.5,3.2854160808455344,2.322941780090332,1.195027470588684,0.5972145199775696
2023-10-04 21:52:32,-20.5,2.691036243880643,0.5883722305297852,0.41614866256713867,0.3485264182090759
2023-10-04 21:52:32,-15.5,3.2854160808455344,2.322941780090332,1.195027470588684,0.5972145199775696
2023-10-04 21:52:32,-20.5,2.691036243880643,0.5883722305297852,0.41614866256713867,0.3485264182090759
2023-10-04 21:52:32,-15.5,3.2854160808455344,2.322941780090332,1.195027470588684,0.5972145199775696
2023-10-04 21:52:32,-20.5,2.691036243880643,0.5883722305297852,0.41614866256713867,0.3485264182090759
2023-10-04 21:52:32,-15.5,3.2854160808455344,2.322941780090332,1.195027470588684,0.5972145199775696
2023-10-04 21:52:32,-20.5,2.691036243880643,0.5883722305297852,0.41614866256713867,0.3485264182090759
2023-10-04 21:52:32,-15.5,3.2854160808455344,2.322941780090332,1.195027470588684,0.5972145199775696
2023-10-04 21:52:32,-20.5,2.691036243880643,0.5883722305297852,0.41614866256713867,0.3485264182090759
2023-10-04 21:52:32,-15.5,3.2854160808455344,2.322941780090332,1.195027470588684,0.5972145199775696
2023-10-04 21:52:32,-20.5,2.691036243880643,0.5883722305297852,0.41614866256713867,0.3485264182090759
2023-10-04 21:52:32,-15.5,3.2854160808455344,2.322941780090332,1.195027470588684,0.5972145199775696
2023-10-04 21:52:32,-20.5,2.691036243880643,0.5883722305297852,0.41614866256713867,0.3485264182090759
